vuln_group,auto,dist,walk,w,prop
media,sin auto,2350.732575310301,False,0.817907347175127,Buscar o Dejar a alguien
media,sin auto,2350.732575310301,False,1.0,Buscar o Dejar a alguien
alta,con auto,7448.518812554384,False,1.0,Trámites
alta,con auto,7448.518812554384,False,1.0,Trámites
media,con auto,6783.758139347545,False,1.0,Trámites
alta,sin auto,5865.094853506207,False,1.0,De salud
alta,sin auto,8000.6471623614025,False,1.42042823117339,De salud
media,sin auto,5201.036943260089,False,1.0,Trámites
alta,sin auto,197.64663267116393,True,1.48210391383712,De compras
media,sin auto,7899.831941015522,False,1.12721985301036,Trámites
alta,sin auto,445.8448101375214,True,1.48210391383712,De compras
media,sin auto,988.4881310143537,True,1.48210391383712,De compras
baja,con auto,5080.99766910757,False,1.0,De compras
media,sin auto,2582.888584216625,False,1.0,De compras
media,sin auto,714.2033265125293,False,1.14387994007037,De compras
media,sin auto,2582.888584216625,False,1.0,De compras
media,sin auto,714.2033265125293,False,1.14387994007037,De compras
baja,con auto,6915.076075777407,False,1.12721985301036,Trámites
media,sin auto,9355.938426884619,False,0.817907347175127,De salud
alta,sin auto,430.6814923485365,True,1.48210391383712,De compras
media,sin auto,2651.6959085472545,False,1.0,Trámites
media,sin auto,8643.347836134228,False,1.48210391383712,De compras
media,sin auto,2017.4206306510703,False,1.14387994007037,De compras
media,sin auto,2857.6912036861154,False,1.0,De compras
alta,con auto,11951.398372680078,False,1.5058778792911116,De salud
alta,sin auto,7516.841002718911,False,0.817907347175127,De salud
alta,sin auto,1534.767624155608,True,1.48210391383712,De compras
alta,sin auto,9007.86343291108,False,1.0,De compras
alta,sin auto,4202.861811927231,False,1.0,De compras
alta,sin auto,3124.603694870759,False,1.48210391383712,Trámites
alta,con auto,216.0364575171573,True,1.48210391383712,Recreación
alta,sin auto,119.26539880268082,True,1.48210391383712,De compras
alta,sin auto,5153.706324472345,False,1.0,De salud
alta,con auto,616.458433310795,False,1.48210391383712,Visitar a alguien
media,sin auto,715.6710820315783,False,1.48210391383712,De compras
alta,con auto,5402.802588793761,False,1.0,De salud
alta,con auto,3542.8563347656454,False,1.0,De compras
alta,con auto,17898.8767524669,False,1.0,Visitar a alguien
alta,sin auto,1142.1565954266352,False,1.0,Trámites
media,sin auto,11455.782661123869,False,1.0,Trámites
media,sin auto,4407.63260045855,False,1.0,Trámites
media,sin auto,11041.261183199364,False,1.0,De compras
media,sin auto,9823.288820451122,False,1.0,De compras
alta,con auto,8597.492505994116,False,1.48210391383712,De compras
media,sin auto,1644.3431371034035,False,1.0,De compras
media,sin auto,776.7576848519508,False,1.0,De compras
alta,sin auto,6348.409868033023,False,1.12721985301036,De salud
alta,sin auto,7604.765842261351,False,1.12721985301036,Trámites
alta,sin auto,309.5109044928789,True,1.48210391383712,Visitar a alguien
alta,con auto,2639.4626465438,False,1.0,De compras
alta,sin auto,5965.596045061345,False,1.0,De compras
alta,sin auto,7436.942838965421,False,1.0,De compras
alta,sin auto,541.5544755608618,False,1.48210391383712,De compras
alta,sin auto,2934.8514868728876,False,1.48210391383712,Trámites
baja,sin auto,11688.666755264478,False,1.12721985301036,De compras
alta,con auto,6310419.2754932,True,1.48210391383712,Trámites
alta,sin auto,612.3967395419104,False,1.48210391383712,De compras
alta,sin auto,8234.785301506898,False,1.48210391383712,De compras
alta,sin auto,6310152.876040071,True,1.14387994007037,Buscar o dejar algo
media,sin auto,6969.925995224501,False,1.0,Trámites
media,sin auto,3077.729936576632,False,1.48210391383712,De compras
media,sin auto,9597.261980200476,False,0.817907347175127,De salud
alta,sin auto,1553.8037453621878,True,1.48210391383712,Trámites
alta,sin auto,2308.448925448915,False,1.0,Visitar a alguien
alta,con auto,3761.8113771046606,False,1.0,Trámites
alta,con auto,6508.555798863067,False,1.0,De salud
alta,con auto,9796.018737102142,False,1.0,De compras
alta,con auto,6952.5129663921925,False,1.0,De compras
alta,sin auto,774.6644838250944,False,1.0,Recreación
media,sin auto,405.64348956318776,True,1.48210391383712,Visitar a alguien
media,sin auto,405.64348956318776,True,1.48210391383712,Visitar a alguien
alta,con auto,971.1444646853847,True,1.48210391383712,Buscar o dejar algo
media,con auto,5752.792573995178,False,1.0,Trámites
media,con auto,6310048.7858411865,True,1.48210391383712,Recreación
alta,sin auto,6881.318226912563,False,0.817907347175127,De salud
alta,con auto,6308582.858936724,False,1.0,Trámites
alta,con auto,667.3300374674063,False,1.48210391383712,Recreación
alta,con auto,3851.555235921142,False,1.0,Visitar a alguien
alta,sin auto,2068.0440697465956,True,1.48210391383712,Visitar a alguien
baja,sin auto,250.62125932370543,True,1.48210391383712,Trámites
media,sin auto,5743.158799824361,False,1.0,Trámites
media,sin auto,5743.158799824361,False,1.0,De compras
media,sin auto,5743.158799824361,False,1.0,De compras
alta,sin auto,7524.169057176783,False,1.0,Trámites
alta,sin auto,8934.054668094437,False,1.0,Trámites
alta,con auto,3583.855509433939,False,1.0,De salud
baja,sin auto,8324.623363817373,False,1.0,De compras
media,con auto,8326.279821153998,False,1.0,Trámites
alta,con auto,8424.228262363637,False,1.48210391383712,Visitar a alguien
media,sin auto,4666.350394044579,False,0.817907347175127,De salud
media,sin auto,4665.186217227159,False,1.0,De salud
media,sin auto,4984.1194280089485,False,1.0,Trámites
media,con auto,3458.833024392042,False,1.0,De salud
alta,sin auto,4589.896774374568,False,1.0,De compras
alta,sin auto,5924.1207978517,False,1.0,Trámites
alta,sin auto,5924.055371774606,False,1.0,Trámites
alta,sin auto,2060.832181965956,False,1.0,Trámites
alta,con auto,4674.037628636108,False,1.0,Trámites
alta,con auto,4674.037628636108,False,1.0,Trámites
media,con auto,165.27628384012027,True,1.48210391383712,De compras
baja,sin auto,3465.8678940186196,False,1.0,De salud
alta,sin auto,972.7099232178947,False,1.0,De salud
alta,sin auto,972.7099232178947,False,1.0,De salud
media,sin auto,4658.179855104352,False,1.0,De salud
media,sin auto,4658.179855104352,False,1.0,De salud
media,sin auto,3112.5986756446773,False,0.817907347175127,De salud
baja,sin auto,162.09148470558995,True,1.48210391383712,De compras
media,sin auto,6312771.444350928,False,1.48210391383712,Trámites
alta,con auto,6451.865797242299,False,1.0,Trámites
media,sin auto,3013.9814810585785,False,1.48210391383712,De salud
alta,con auto,3947.467594195874,False,1.0,De salud
alta,con auto,6085.482534101266,False,1.12721985301036,De compras
alta,con auto,3149.6823229258475,False,0.817907347175127,De salud
media,sin auto,7694.341479663095,False,1.12721985301036,Trámites
media,sin auto,130.3572015655445,False,1.0,Trámites
alta,sin auto,1810.6014779387713,False,1.0,Trámites
alta,sin auto,1810.6014779387713,False,1.0,Trámites
media,sin auto,8810.463281539262,False,1.0,Trámites
media,sin auto,5948.382033248752,False,1.42042823117339,De salud
baja,sin auto,5788.949322105545,False,1.0,Trámites
alta,sin auto,1172.029436490398,True,1.48210391383712,De compras
alta,con auto,6312995.35285734,True,1.48210391383712,De compras
alta,con auto,6433.26354359038,False,1.48210391383712,Trámites
alta,sin auto,7717.431606093219,False,1.0,Trámites
alta,sin auto,7285.158166018515,False,1.0,De compras
alta,con auto,1193.3040266419953,True,1.48210391383712,De compras
alta,sin auto,5712.947795632742,False,1.0,Trámites
media,sin auto,77.33571296626158,True,1.48210391383712,De compras
media,sin auto,3811.495363663265,False,1.0,De compras
alta,sin auto,5545.764998884425,False,1.0,De compras
alta,sin auto,5030.180500555031,False,1.0,Trámites
media,sin auto,6315518.294797599,False,1.0,Trámites
baja,sin auto,12535.188019981553,False,1.0,De compras
media,sin auto,1885.4679212934286,False,1.12721985301036,Trámites
media,sin auto,5074.647752650086,False,1.0,De compras
media,con auto,3631.0291434557503,False,1.0430735418982884,De salud
media,sin auto,7403.154486275175,False,1.0,De compras
media,con auto,6655.839808957244,False,1.48210391383712,Trámites
media,sin auto,7663.189799956429,False,1.0,De compras
media,sin auto,3354.1470368376163,False,1.0,Visitar a alguien
baja,con auto,4987.44869647799,False,1.0,De compras
media,con auto,3069.310071727236,False,1.0,De salud
media,con auto,5162.762600104625,False,1.0,De compras
alta,sin auto,5504.173053238788,False,1.0,De compras
alta,sin auto,6974.416313223369,False,1.0,Trámites
alta,sin auto,3317.557989790834,False,1.0,De salud
alta,sin auto,2715.588133380364,True,1.48210391383712,De compras
alta,sin auto,1254.83265816602,False,1.0,De compras
alta,sin auto,6782.157363906345,False,1.0,Trámites
alta,sin auto,7856.969322739943,False,1.0,Trámites
alta,sin auto,4580.412999937887,False,1.0,De salud
alta,sin auto,3400.523296701002,False,0.817907347175127,De salud
alta,sin auto,1405.1739897273399,False,1.48210391383712,Trámites
alta,sin auto,720.7657826760109,True,1.48210391383712,De compras
alta,sin auto,50.288891976757654,True,1.48210391383712,De compras
baja,sin auto,1186.5340779615487,False,1.14387994007037,De salud
baja,sin auto,1584.9588519895399,True,1.48210391383712,Buscar o Dejar a alguien
alta,con auto,633.6824051723387,True,1.48210391383712,De salud
alta,con auto,619.090929590769,True,1.48210391383712,De compras
alta,sin auto,713.0175313412707,False,1.48210391383712,De compras
baja,con auto,303356.7314344709,False,1.0,Visitar a alguien
media,sin auto,1330.5867629692784,False,1.48210391383712,Trámites
media,sin auto,442.27798102550844,True,1.48210391383712,De compras
alta,sin auto,15547.433566881757,False,1.0,De compras
baja,con auto,457.6029938713251,True,1.48210391383712,De compras
baja,sin auto,2974.7504681327896,False,1.48210391383712,Recreación
media,sin auto,11640.546987700001,False,1.0,De salud
alta,sin auto,10711.589497478888,False,1.0,Visitar a alguien
baja,sin auto,1436.299452817574,False,1.14387994007037,Trámites
baja,sin auto,581.1729527228212,True,1.48210391383712,De compras
baja,sin auto,1436.299452817574,False,1.14387994007037,Trámites
baja,sin auto,581.1729527228212,True,1.48210391383712,De compras
baja,sin auto,1082.8383028130575,False,1.0430735418982884,De salud
baja,sin auto,305.0029777006284,False,1.14387994007037,Recreación
alta,sin auto,15779.089712566647,False,1.0,Recreación
alta,sin auto,15779.089712566647,False,1.0,Recreación
media,sin auto,1161.7041567677902,False,1.0,De compras
media,sin auto,2367.653352882145,False,1.0,Buscar o dejar algo
media,sin auto,13689.004494940456,False,1.0,Trámites
alta,sin auto,1714.2438486563835,False,1.48210391383712,Trámites
alta,sin auto,1754.1446555675645,True,1.48210391383712,Recreación
baja,sin auto,455.3060279653263,True,1.48210391383712,De salud
baja,sin auto,12353.412740174335,False,1.12721985301036,Trámites
baja,sin auto,776.4229779089488,True,1.48210391383712,De compras
alta,sin auto,6294088.259810557,True,1.48210391383712,Recreación
media,sin auto,15153.65977044742,False,1.0,De salud
alta,sin auto,20090.437432653165,False,1.0,De salud
alta,sin auto,79.11868063232602,True,1.48210391383712,De compras
media,sin auto,6293895.356974613,True,1.48210391383712,De salud
baja,con auto,2378.5671763690007,False,1.48210391383712,Buscar o dejar algo
baja,con auto,2378.5671763690007,False,1.48210391383712,Buscar o Dejar a alguien
media,con auto,167.51832922101391,True,1.48210391383712,Visitar a alguien
media,con auto,6295825.806295519,True,1.48210391383712,De compras
media,sin auto,3040.3027912528714,False,1.14387994007037,Trámites
media,sin auto,3195.5221428782183,False,1.48210391383712,Recreación
baja,con auto,2138.842997548923,False,1.0,De compras
alta,sin auto,125.04986895859787,True,1.48210391383712,De compras
alta,sin auto,125.04986895859787,True,1.48210391383712,De compras
alta,sin auto,6294792.627310936,True,1.48210391383712,De compras
alta,sin auto,6294792.627310936,True,1.48210391383712,Recreación
media,sin auto,10856.246509066796,False,1.12721985301036,De compras
media,con auto,10713.196514696256,False,1.0430735418982884,De salud
media,con auto,8077.84028318368,False,1.48210391383712,De compras
media,con auto,2372.7008330516646,False,1.14387994007037,Buscar o Dejar a alguien
media,con auto,10713.196514696256,False,1.0430735418982884,De salud
media,con auto,8077.84028318368,False,1.48210391383712,De compras
baja,sin auto,4898.696261506729,False,1.0,Trámites
baja,sin auto,4898.696261506729,False,1.0,Trámites
media,sin auto,300.7926053051338,True,1.48210391383712,De compras
media,sin auto,198.9340735645857,True,1.48210391383712,De compras
media,sin auto,6293842.515890908,True,1.48210391383712,De compras
media,sin auto,514.2866883865092,True,1.48210391383712,De compras
baja,sin auto,2001.696378231474,False,1.0,Trámites
baja,sin auto,4878.969262303258,False,1.0,De salud
alta,con auto,355.02632494823536,True,1.48210391383712,De compras
baja,sin auto,1034.5728780704926,True,1.48210391383712,Trámites
alta,sin auto,5788.128751281043,False,1.48210391383712,Trámites
media,sin auto,3174.1398299627963,False,1.48210391383712,Trámites
media,sin auto,2783.8222011923754,False,1.48210391383712,Trámites
media,con auto,6304637.597891335,False,1.48210391383712,Buscar o Dejar a alguien
alta,sin auto,2948.6718733026655,False,1.0,Trámites
media,sin auto,670.9047791275972,True,1.48210391383712,Visitar a alguien
media,sin auto,7622.557935335032,False,1.0,Visitar a alguien
alta,sin auto,1329.242192252436,False,1.48210391383712,Visitar a alguien
alta,sin auto,277.3942383622315,True,1.48210391383712,De compras
media,sin auto,9752.648775621165,False,0.817907347175127,Visitar a alguien
media,sin auto,6002.873194956442,False,1.12721985301036,Trámites
media,sin auto,679.876505330196,False,1.12721985301036,De compras
alta,con auto,3194.1384303908935,False,1.0,Recreación
alta,sin auto,548.0288051636178,False,1.12721985301036,De compras
alta,sin auto,783.589738898009,False,1.12721985301036,De compras
alta,sin auto,444.51353765239816,True,1.48210391383712,Trámites
media,con auto,2632.1453353502825,False,1.12721985301036,Trámites
media,sin auto,513.0535434791991,False,1.48210391383712,De compras
media,sin auto,1707.1823460017386,False,1.0,Trámites
media,sin auto,89.04056747488754,True,1.48210391383712,De compras
media,sin auto,134.5253228949851,True,1.48210391383712,De compras
media,con auto,1019.3733258914824,True,1.48210391383712,De compras
alta,sin auto,227.85296279892873,True,1.48210391383712,De compras
alta,sin auto,7373.907274979799,False,1.12721985301036,Trámites
alta,sin auto,3376.300907989254,False,1.05276355601825,Recreación
alta,sin auto,956.5214831127684,False,1.0,Trámites
alta,sin auto,1906.0887557316323,False,1.0,Recreación
alta,sin auto,1528.4118710793402,False,1.0,De salud
media,sin auto,85.03124425762567,True,1.48210391383712,De compras
media,sin auto,6782.620525387385,False,1.0,Trámites
media,sin auto,637.4433989885396,True,1.48210391383712,De compras
media,sin auto,7040.164363606972,False,1.0,Visitar a alguien
alta,sin auto,285.36703510840647,True,1.14387994007037,Recreación
media,sin auto,735.3748220508029,True,1.48210391383712,De compras
media,sin auto,1317.3736716000515,True,1.48210391383712,De compras
media,sin auto,1317.3736716000515,True,1.48210391383712,De compras
media,con auto,11019.738868169983,True,1.48210391383712,De compras
baja,con auto,9729.661158026009,False,1.12721985301036,De salud
alta,sin auto,947.5325321138386,True,1.14387994007037,De salud
alta,sin auto,948.7610799954131,True,1.14387994007037,De salud
alta,sin auto,63.270755302608016,True,1.48210391383712,De compras
media,sin auto,411.54880031299143,True,1.48210391383712,De compras
media,sin auto,3838.7633282901147,False,1.0,Visitar a alguien
media,sin auto,411.54880031299143,True,1.48210391383712,De compras
media,sin auto,131.27965438806578,True,1.48210391383712,De compras
media,sin auto,2676.608990584273,False,1.12721985301036,De salud
media,sin auto,8435.785367446531,False,1.12721985301036,Buscar o dejar algo
alta,con auto,3317.248866159888,False,1.48210391383712,Trámites
media,sin auto,7516.337025068398,False,1.0,Trámites
media,sin auto,391.1377834280396,True,1.48210391383712,De compras
media,con auto,9847.972617786061,False,1.48210391383712,Trámites
alta,sin auto,1209.047651110679,False,1.0,Trámites
alta,con auto,424.0352388529313,True,1.48210391383712,De compras
media,sin auto,740.195289370481,True,1.48210391383712,Recreación
alta,sin auto,224.8573940439807,True,1.48210391383712,De salud
alta,con auto,3014.582491433308,False,1.0,De compras
alta,con auto,552.5847158256031,True,1.48210391383712,Recreación
alta,sin auto,2927.396300902743,False,1.12721985301036,De salud
media,sin auto,2583.0844457559356,False,1.0,De compras
alta,sin auto,209.50238662125068,True,1.48210391383712,De compras
alta,sin auto,1431.2672924719548,True,1.48210391383712,Buscar o Dejar a alguien
media,sin auto,4726.986543788363,False,1.12721985301036,Trámites
media,sin auto,2710.8778186874383,False,1.12721985301036,De compras
alta,con auto,405.45321020317806,True,1.48210391383712,De compras
media,sin auto,4740.249614442952,False,1.0,Trámites
baja,sin auto,7173.562055387825,False,1.0,De salud
baja,con auto,267.761308190826,False,1.48210391383712,De compras
baja,con auto,2730.414645029041,False,1.48210391383712,Recreación
baja,sin auto,9582.553378405988,False,1.0,Trámites
alta,sin auto,5850.258185491822,False,1.0,De compras
alta,sin auto,6363.7094801425565,False,1.0,De compras
alta,sin auto,9448.850370351362,False,1.0,Visitar a alguien
alta,con auto,1606.9612931418883,True,1.48210391383712,De compras
alta,con auto,1606.9612931418883,True,1.48210391383712,De compras
baja,sin auto,7814.777940903055,False,1.0,De compras
baja,sin auto,6281.01914322342,False,1.0,De salud
media,sin auto,498.6602372623694,True,1.14387994007037,Buscar o Dejar a alguien
media,con auto,7940.060079275219,False,1.0,De compras
baja,con auto,8573.041781292628,False,1.48210391383712,Trámites
alta,con auto,5802.46866517619,False,1.0,De salud
alta,con auto,5802.46866517619,False,1.0,De salud
alta,sin auto,6424.776910721419,False,1.0,De salud
alta,sin auto,6398.262264083897,False,1.0,De salud
alta,sin auto,10514.847789303778,False,1.0,De compras
alta,sin auto,566.7508822225158,True,1.48210391383712,De salud
media,con auto,6738.675449701243,False,1.0,De compras
alta,sin auto,502.59800136546755,True,1.48210391383712,De salud
baja,con auto,8846.168735110079,False,1.12721985301036,Visitar a alguien
alta,sin auto,376.10187205604615,True,1.14387994007037,Trámites
alta,sin auto,6909.789136799984,False,1.0,De compras
baja,sin auto,9174.341226562605,False,1.12721985301036,Trámites
alta,sin auto,6315325.208964301,False,1.48210391383712,Visitar a alguien
media,sin auto,287.9927994569699,True,1.48210391383712,De salud
alta,sin auto,7946.097881844369,False,1.0,De compras
baja,sin auto,6438.3900799259645,False,1.0,De compras
alta,sin auto,849.7379427147305,False,1.0,De salud
alta,con auto,2732.9958623805237,False,1.14387994007037,Buscar o Dejar a alguien
alta,con auto,2732.9958623805237,False,1.0,De salud
media,con auto,605.4370322337411,False,1.0430735418982884,Buscar o Dejar a alguien
media,con auto,4353.113011469493,False,1.0430735418982884,Buscar o Dejar a alguien
media,sin auto,252.13020569737375,True,1.48210391383712,De compras
alta,sin auto,4051.95552916756,False,1.0,Trámites
media,sin auto,3069.8448276134413,False,1.0,Trámites
alta,sin auto,3392.4414903760685,False,1.48210391383712,De compras
media,sin auto,1995.8240311902657,False,1.0,De compras
media,sin auto,381.12572257228976,True,1.48210391383712,De compras
media,con auto,3009.93476102473,False,1.0,Trámites
baja,sin auto,14327.773660496116,False,1.0,De salud
baja,sin auto,14327.773660496116,False,1.0,De salud
alta,sin auto,369.28858972353856,True,1.48210391383712,De compras
media,sin auto,6311608.555493912,True,1.48210391383712,De compras
media,sin auto,1503.0513576684805,True,1.48210391383712,Trámites
media,sin auto,5051.8318383386,False,1.0,De salud
media,sin auto,7731.247117079596,False,1.0430735418982884,De salud
media,sin auto,7731.247117079596,False,1.0430735418982884,De salud
media,sin auto,161.53812678822916,True,1.48210391383712,De compras
media,sin auto,161.53812678822916,True,1.48210391383712,De compras
media,sin auto,4100.543655004975,False,1.0,Trámites
media,sin auto,438.51037014711807,True,1.48210391383712,De compras
media,sin auto,715.3097019659125,True,1.48210391383712,De compras
media,sin auto,1523.685582364764,False,1.0,De salud
alta,sin auto,336.34007999948875,True,1.48210391383712,De compras
media,sin auto,656.9081104880652,True,1.48210391383712,De compras
baja,sin auto,3974.5415509262275,False,1.0,Trámites
media,con auto,2958.5331195926406,False,1.48210391383712,Trámites
media,con auto,248.84425232273801,True,1.48210391383712,De compras
media,sin auto,2987.0223783019374,False,1.0,Trámites
media,con auto,4396.183275367964,False,1.48210391383712,De compras
alta,sin auto,318.2253418005274,True,1.48210391383712,De compras
media,sin auto,466.1031311912097,True,1.48210391383712,De compras
media,sin auto,1205.3925725282406,True,1.48210391383712,De salud
media,sin auto,848.6459458491804,True,1.48210391383712,De compras
media,sin auto,1149.148931002853,True,1.48210391383712,De compras
baja,sin auto,762.8869509960175,False,1.48210391383712,De compras
baja,sin auto,480.5834995086702,True,1.48210391383712,Comer o Tomar algo
media,con auto,4232.218461107492,False,1.48210391383712,De salud
baja,sin auto,9198.682715009048,False,1.0,Visitar a alguien
alta,con auto,1005.8262481195497,True,1.48210391383712,De salud
alta,sin auto,1086.9067100211787,True,1.14387994007037,Trámites
baja,con auto,1598.8371555602528,False,1.48210391383712,De salud
media,con auto,6523.535116036109,False,1.0430735418982884,Buscar o Dejar a alguien
media,con auto,71.2050365252522,False,1.14387994007037,Buscar o dejar algo
media,con auto,874.9614684596473,True,1.48210391383712,Recreación
media,con auto,5265.814775882859,False,1.12721985301036,De salud
baja,sin auto,9661.149941714448,False,1.48210391383712,Trámites
baja,sin auto,9661.149941714448,False,1.48210391383712,Trámites
alta,con auto,418.57645657633446,True,1.48210391383712,Trámites
alta,con auto,418.57645657633446,True,1.48210391383712,Trámites
alta,con auto,4989.389698791451,False,1.48210391383712,Trámites
alta,con auto,387.10320410066356,True,1.48210391383712,De compras
alta,con auto,4674.945347691912,False,1.48210391383712,Trámites
alta,con auto,9602.748975716537,False,1.12721985301036,Trámites
alta,con auto,7783.97901542007,False,1.12721985301036,Visitar a alguien
alta,con auto,1093.3455185125893,False,1.48210391383712,De salud
baja,con auto,10687.525640502869,False,1.48210391383712,Buscar o Dejar a alguien
baja,con auto,5103.503169162947,False,1.48210391383712,Buscar o Dejar a alguien
baja,con auto,1539.6415788768015,False,1.48210391383712,Buscar o Dejar a alguien
baja,con auto,13839.654151573162,False,1.0430735418982884,Buscar o Dejar a alguien
baja,con auto,13839.654151573162,False,1.48210391383712,Buscar o Dejar a alguien
baja,con auto,13839.654151573162,False,1.0430735418982884,Buscar o Dejar a alguien
media,sin auto,303.05544466163695,True,1.48210391383712,Trámites
baja,sin auto,962.1401133183514,False,1.48210391383712,Trámites
baja,sin auto,450.4594453600263,False,1.48210391383712,De salud
baja,sin auto,1808.5181703970381,False,1.48210391383712,De compras
alta,con auto,9709.030503423412,False,1.12721985301036,De compras
media,sin auto,383.74902280005875,True,1.48210391383712,De compras
media,sin auto,283.93000898108676,True,1.48210391383712,De compras
media,sin auto,437.00087600026615,True,1.48210391383712,De compras
media,sin auto,11804.27584093604,False,1.12721985301036,De compras
media,sin auto,12421.416456355795,False,1.12721985301036,De compras
media,sin auto,901.7968656599237,False,1.5058778792911116,De salud
media,sin auto,1836.038654660149,False,1.14387994007037,Trámites
media,sin auto,1321.9714577691343,False,1.14387994007037,De salud
media,sin auto,4587.625245224919,False,1.0,Trámites
media,sin auto,1321.9714577691343,False,1.14387994007037,De salud
alta,sin auto,1498.5336012587647,False,1.48210391383712,De salud
alta,sin auto,508.71967911027633,True,1.48210391383712,De compras
alta,sin auto,2749.935539194794,False,1.0,Visitar a alguien
media,con auto,4711.70697001512,False,1.48210391383712,De salud
baja,con auto,1293.818089995653,False,1.48210391383712,De compras
baja,con auto,1293.818089995653,False,1.48210391383712,De compras
media,sin auto,4515.327818940725,False,0.817907347175127,De salud
media,sin auto,285.99005664533166,True,1.48210391383712,De compras
media,sin auto,813.9636630259133,True,1.48210391383712,De compras
baja,sin auto,14180.355614459711,False,1.0,Visitar a alguien
baja,sin auto,162.6788468933884,True,1.48210391383712,De compras
media,sin auto,12728.028965541218,False,1.0,Recreación
media,sin auto,12929.655293162305,False,1.12721985301036,De compras
baja,sin auto,3116.886917368685,False,1.48210391383712,Trámites
baja,sin auto,797.4116746739102,True,1.48210391383712,De compras
baja,sin auto,11398.137741988889,False,1.12721985301036,Visitar a alguien
baja,sin auto,11155.2050025723,False,1.12721985301036,De salud
media,sin auto,2540.7776991319506,False,1.48210391383712,De compras
media,con auto,4544.1764699491,False,1.48210391383712,Recreación
media,con auto,4544.1764699491,False,1.48210391383712,Recreación
media,con auto,4641.932108108547,False,1.48210391383712,Buscar o Dejar a alguien
baja,sin auto,1959.3885568211228,False,1.0,Trámites
baja,sin auto,1959.3885568211228,False,1.0,Trámites
media,sin auto,1282.1316250316306,True,1.48210391383712,De compras
alta,sin auto,4429.32372271716,False,0.817907347175127,De salud
alta,sin auto,2198.7493535477306,False,1.0,Trámites
alta,con auto,1888.5542347669684,False,1.0,De salud
alta,con auto,1011.6741660060627,True,1.48210391383712,De salud
media,sin auto,2163.6666515214974,False,1.0,De compras
media,sin auto,4193.1422492984375,False,1.0,Visitar a alguien
media,con auto,14296.4963119588,False,1.12721985301036,Visitar a alguien
baja,con auto,425.0192470366048,True,1.48210391383712,Trámites
alta,sin auto,37.46875,True,1.48210391383712,De compras
alta,sin auto,2186.2424691211772,False,1.0,De salud
media,sin auto,18457.05760236214,False,1.12721985301036,Visitar a alguien
media,con auto,350.2955016504815,True,1.48210391383712,De compras
media,con auto,688.6633800170897,False,1.48210391383712,De compras
media,con auto,170864.96646079738,False,1.48210391383712,Recreación
media,con auto,7406.677030938031,False,1.12721985301036,De salud
media,con auto,7413.725304502791,False,1.12721985301036,De salud
baja,sin auto,1563.6409634247882,False,1.0,De compras
alta,sin auto,10740.505109165024,False,1.0,De salud
alta,sin auto,3476.7886589360373,False,1.0,De compras
baja,con auto,12033.813324986599,False,1.12721985301036,De compras
baja,con auto,3107.2077522471845,False,1.48210391383712,De compras
baja,sin auto,1509.92270892058,False,1.12721985301036,Trámites
baja,sin auto,72.60950781405973,True,1.48210391383712,De compras
baja,sin auto,221.74323772454144,True,1.48210391383712,De compras
baja,sin auto,1479.4047419908454,False,1.0,Trámites
baja,sin auto,3888.4127054833134,False,1.12721985301036,De salud
baja,sin auto,10716.444948625176,False,0.817907347175127,De salud
alta,sin auto,3518.6317232841466,False,1.0,De salud
media,sin auto,632.2730602012472,True,1.48210391383712,De compras
baja,sin auto,513.2895223838711,False,1.0,Trámites
baja,sin auto,5480.121622737948,True,1.48210391383712,Trámites
baja,sin auto,3266.876509589282,False,1.48210391383712,Visitar a alguien
baja,sin auto,856.8710521426196,False,1.0,Trámites
baja,sin auto,1216.4468145130977,True,1.48210391383712,De compras
media,sin auto,8707.44261354412,False,1.0,De compras
baja,sin auto,16043.36590310701,False,1.0,Visitar a alguien
baja,con auto,2194.9564669035153,False,1.48210391383712,De compras
baja,sin auto,882.1778537375556,False,1.48210391383712,De compras
baja,sin auto,1440.4695415037418,False,1.48210391383712,Trámites
baja,sin auto,10559.621884182883,False,1.48210391383712,De salud
baja,sin auto,10559.621884182883,False,1.48210391383712,De salud
baja,con auto,12955.26992253056,False,1.0,De salud
baja,con auto,6603.363175499214,False,1.0430735418982884,De salud
baja,con auto,2429.6392288211355,False,1.0430735418982884,De salud
baja,con auto,280.39938731432704,True,1.48210391383712,De compras
baja,sin auto,526.3970483760927,True,1.48210391383712,De compras
baja,sin auto,4978.798149716958,False,1.48210391383712,Recreación
baja,sin auto,4515.4408224767,False,1.0,Trámites
baja,sin auto,720.9352764649283,False,1.48210391383712,De compras
baja,sin auto,9802.738597740174,False,1.12721985301036,Trámites
baja,sin auto,6275.301813272112,False,1.0,Visitar a alguien
media,con auto,10335.69764031021,False,1.12721985301036,De salud
baja,sin auto,424.4552391006618,True,1.48210391383712,De compras
baja,sin auto,423.6381501075682,True,1.48210391383712,De compras
media,con auto,4324.688508585221,False,1.0,Recreación
alta,sin auto,3639.2025359488102,False,1.12721985301036,Trámites
media,sin auto,8877.046918880174,False,1.12721985301036,De salud
media,sin auto,2478.3682890112523,False,1.12721985301036,De compras
media,sin auto,2829.2899679347556,False,1.48210391383712,De salud
media,sin auto,1687.8812211176362,True,1.48210391383712,De compras
media,con auto,861.0008444255805,False,1.48210391383712,De compras
media,con auto,66742.06506748691,False,1.48210391383712,Trámites
media,con auto,214.9309482136065,True,1.48210391383712,De compras
media,sin auto,3168.976688143982,False,1.0,De compras
media,sin auto,3644.650231846672,False,1.0,De salud
media,sin auto,564.4911978941744,True,1.48210391383712,De compras
baja,sin auto,5819.156710074601,False,1.0,De compras
media,sin auto,5727.417045125059,False,0.817907347175127,De salud
media,sin auto,5720.368454810325,False,0.817907347175127,De salud
baja,sin auto,4662.757101762761,False,1.0,Comer o Tomar algo
baja,sin auto,6294324.911108275,True,1.48210391383712,De compras
media,con auto,9951.882444613493,False,1.12721985301036,De salud
media,con auto,1066.2318012075282,False,1.48210391383712,Trámites
media,sin auto,6375.9690030252705,False,1.0,Trámites
baja,con auto,622.4630393457611,True,1.14387994007037,De compras
baja,con auto,657.4229287350438,True,1.48210391383712,De compras
alta,sin auto,1820.0082377153028,True,1.48210391383712,Trámites
alta,con auto,1660.7955842475767,False,1.0430735418982884,De salud
alta,con auto,1660.7955842475767,False,1.0430735418982884,De salud
alta,con auto,361.57487689490057,False,1.48210391383712,De compras
alta,con auto,565.3366288382966,False,1.14387994007037,De compras
media,sin auto,1497.6928405806586,False,1.48210391383712,De salud
media,sin auto,107.25786684434853,True,1.48210391383712,Buscar o Dejar a alguien
baja,con auto,5282.053437407179,False,1.48210391383712,Visitar a alguien
baja,con auto,11818.475977951059,False,1.48210391383712,Buscar o Dejar a alguien
media,sin auto,1318.6961278243984,False,1.48210391383712,De compras
media,sin auto,805.9715028935964,False,1.48210391383712,Buscar o Dejar a alguien
baja,con auto,127.21734907727797,False,1.48210391383712,De compras
media,sin auto,10339.747730995423,False,1.0,Trámites
media,sin auto,9408.883867952936,False,1.12721985301036,Visitar a alguien
media,sin auto,376.40627075549963,True,1.48210391383712,De compras
media,sin auto,1650.4975764901928,False,1.0430735418982884,De salud
baja,con auto,1405.4855602802363,False,1.48210391383712,Buscar o Dejar a alguien
baja,con auto,1982.0374305185467,False,1.14387994007037,De compras
baja,con auto,1359.281514386024,False,1.14387994007037,Buscar o Dejar a alguien
alta,sin auto,14037.501845502995,False,1.0,De compras
alta,sin auto,984.3231459556677,True,1.48210391383712,De compras
baja,sin auto,5343.050773789171,False,1.48210391383712,Trámites
media,sin auto,9552.716714420907,False,1.0,De compras
media,sin auto,476.20428032679683,True,1.48210391383712,Trámites
media,sin auto,1604.4714910602183,True,1.48210391383712,De compras
media,sin auto,10634.479863986722,False,1.0,Trámites
baja,sin auto,8819.808488090972,False,1.0,De compras
baja,sin auto,373.36953879501203,True,1.48210391383712,De compras
baja,sin auto,371952.72691789275,False,1.14387994007037,Recreación
media,sin auto,3408.3019054811225,False,1.12721985301036,De salud
baja,con auto,4957.803066883556,False,1.48210391383712,De compras
baja,con auto,4957.803066883556,False,1.48210391383712,De compras
baja,sin auto,634.2341961964838,False,1.12721985301036,Trámites
baja,sin auto,752.5494228215596,True,1.48210391383712,De compras
media,sin auto,2947.0552504854845,False,1.48210391383712,Comer o Tomar algo
media,sin auto,11135.323634336195,False,1.12721985301036,De salud
baja,con auto,326.2134617949572,True,1.48210391383712,Trámites
baja,con auto,13826.509194297741,False,1.12721985301036,De salud
baja,con auto,12366.044096543415,False,1.12721985301036,Trámites
media,sin auto,10320.775708993562,False,1.12721985301036,De compras
media,sin auto,10320.775708993562,False,1.12721985301036,De compras
baja,sin auto,1196.6903072249938,True,1.48210391383712,De compras
baja,sin auto,143.55595939062405,True,1.14387994007037,Buscar o Dejar a alguien
baja,sin auto,143.55595939062405,True,1.48210391383712,Buscar o Dejar a alguien
baja,sin auto,115.28932693987765,True,1.48210391383712,De compras
baja,sin auto,14516.027599132934,False,1.05276355601825,De compras
alta,sin auto,11983.371030306957,False,1.12721985301036,Trámites
baja,sin auto,3223.8197914665707,False,1.12721985301036,Trámites
baja,sin auto,312.5729477358045,True,1.48210391383712,De compras
baja,sin auto,370.93302966977745,True,1.48210391383712,De compras
baja,con auto,9547.381532440011,False,1.12721985301036,De salud
baja,con auto,3816.144488080378,False,1.12721985301036,Trámites
baja,con auto,3816.144488080378,False,1.12721985301036,Trámites
baja,con auto,386.1216665848344,True,1.48210391383712,De compras
baja,con auto,384.53553685135853,True,1.48210391383712,De compras
baja,con auto,9515.200734384167,False,1.12721985301036,De salud
baja,con auto,3816.144488080378,False,1.12721985301036,Trámites
baja,con auto,3816.144488080378,False,1.12721985301036,Trámites
baja,sin auto,7094.100813530849,False,1.48210391383712,Visitar a alguien
media,sin auto,2976.4562627038654,False,1.0,Visitar a alguien
media,con auto,3777.0789329354766,False,1.0,De salud
media,con auto,3776.5885866134613,False,1.0,De salud
alta,sin auto,13795.99558639124,False,1.12721985301036,Recreación
alta,sin auto,12714.867285884515,False,1.12721985301036,Trámites
alta,sin auto,12523.95542565951,False,1.48210391383712,Trámites
baja,con auto,2989.1817639889455,False,1.0430735418982884,Buscar o Dejar a alguien
baja,con auto,12278.29692629056,False,1.12721985301036,De salud
media,con auto,14669.612577728973,False,1.48210391383712,De salud
media,con auto,1942.9143061330735,False,1.48210391383712,Visitar a alguien
media,con auto,20694.253089272188,False,1.48210391383712,De salud
media,sin auto,684.6630280028727,False,1.0,Trámites
media,con auto,684.6630280028727,False,1.0,Trámites
media,sin auto,4756.848333853946,False,1.0,De salud
media,sin auto,2535.743360560173,False,1.0,Trámites
baja,con auto,431.5874449705992,True,1.48210391383712,Recreación
baja,con auto,432.38822729297624,True,1.48210391383712,De compras
baja,sin auto,4041.575476110964,False,1.48210391383712,De salud
baja,sin auto,4041.575476110964,False,1.48210391383712,De salud
media,sin auto,3157.959486466548,False,1.12721985301036,Trámites
media,sin auto,13202.399556993418,False,1.12721985301036,Trámites
media,sin auto,818.672591760589,False,1.14387994007037,De compras
media,sin auto,2466.220623755925,False,1.14387994007037,De compras
media,sin auto,6296859.3522339985,True,1.48210391383712,De compras
media,sin auto,3157.959486466548,False,1.12721985301036,Recreación
media,con auto,14081.40875995861,False,1.12721985301036,Trámites
baja,sin auto,3793.4338306525215,False,1.0,De salud
media,sin auto,13609.335775632338,False,0.817907347175127,Visitar a alguien
media,sin auto,627.0681812261327,True,1.48210391383712,De compras
baja,sin auto,509.388849504973,True,1.48210391383712,De compras
media,sin auto,5204.391049047549,False,1.48210391383712,Trámites
media,sin auto,19234.479528173528,False,1.12721985301036,Visitar a alguien
baja,sin auto,660.3002579615296,True,1.48210391383712,Recreación
media,sin auto,2636.349700469204,False,1.0,Trámites
media,con auto,3685.9761683272673,False,1.48210391383712,De salud
alta,sin auto,5350.747149931493,False,1.48210391383712,De compras
baja,sin auto,9649.604461665855,False,1.48210391383712,De salud
baja,sin auto,232.0486209827587,True,1.48210391383712,De compras
baja,sin auto,74.6395766751795,True,1.48210391383712,De compras
baja,sin auto,74.6395766751795,True,1.48210391383712,De compras
alta,con auto,2969.7217937420605,False,1.48210391383712,De compras
baja,con auto,1402.6682862633854,False,1.0430735418982884,Buscar o Dejar a alguien
baja,con auto,653.7871591076583,False,1.48210391383712,De compras
media,sin auto,9446.817831451233,False,1.0,De salud
media,sin auto,473.586021464488,True,1.48210391383712,De compras
media,sin auto,11192.134417192281,False,1.42042823117339,De salud
media,sin auto,467.90692517315875,True,1.48210391383712,De compras
media,sin auto,1198.0211389679494,False,1.48210391383712,De compras
alta,con auto,631.9885809144419,True,1.48210391383712,De compras
baja,sin auto,1665.292659151838,True,1.48210391383712,De salud
baja,sin auto,1686.443272142959,False,1.0,Trámites
baja,sin auto,1634.2247062827682,False,1.0,De salud
baja,sin auto,1634.2247062827682,False,1.0,De salud
baja,sin auto,5315.176731631467,False,1.0,De compras
media,sin auto,5695.010377874791,False,1.12721985301036,Trámites
alta,sin auto,3364.79139630156,False,1.48210391383712,Trámites
alta,sin auto,2444.3838662025983,True,1.48210391383712,De compras
alta,sin auto,3981.260172671462,False,1.48210391383712,Trámites
baja,con auto,2612.295745603855,False,1.48210391383712,Trámites
media,sin auto,5493.090975208226,False,1.0,Trámites
media,sin auto,10046.273130154488,False,1.12721985301036,Trámites
media,sin auto,824.46713852039,False,0.817907347175127,De salud
media,sin auto,2447.125664044452,False,1.48210391383712,Trámites
media,sin auto,2768.6556417330053,False,1.0,Trámites
media,sin auto,8316.993703652875,False,1.0,Visitar a alguien
baja,sin auto,3596.8223933218555,False,1.12721985301036,Trámites
baja,con auto,7267.971893272996,False,1.5058778792911116,Buscar o Dejar a alguien
baja,con auto,1225.9968875017842,False,1.48210391383712,De compras
baja,con auto,13609.559679143049,False,1.14387994007037,Recreación
media,con auto,10444.422342212134,False,1.12721985301036,Trámites
media,sin auto,15215.69633766523,False,0.817907347175127,De salud
media,sin auto,1141.8705840260807,True,1.48210391383712,De compras
media,sin auto,13484.641022614916,False,1.0,De salud
baja,sin auto,13234.072527867283,False,1.48210391383712,De salud
alta,sin auto,3194.9573182790723,False,1.14387994007037,Trámites
baja,con auto,5952.169647752406,False,1.12721985301036,Trámites
alta,sin auto,2169.4465454296314,False,1.0,De salud
media,sin auto,341.5150298669152,True,1.48210391383712,De compras
baja,con auto,2335.482802944942,False,1.48210391383712,Recreación
baja,con auto,845.9910752567444,False,1.48210391383712,De compras
baja,sin auto,2214.932067242695,True,1.14387994007037,Buscar o Dejar a alguien
baja,sin auto,2153.225240999316,True,1.48210391383712,Buscar o Dejar a alguien
media,con auto,1784.7544192168464,False,1.0,Trámites
media,con auto,1795.3178625355072,False,1.48210391383712,Trámites
media,sin auto,10794.774344534213,False,1.12721985301036,Trámites
media,sin auto,621.0887617724217,True,1.48210391383712,Trámites
media,sin auto,4300.5039885650685,False,1.48210391383712,Trámites
baja,con auto,12818.638198104596,False,1.12721985301036,Recreación
media,sin auto,14204.099396306556,False,1.0,De compras
baja,sin auto,1078.020763529888,False,1.0,Recreación
baja,sin auto,4643.64882807438,False,1.0,Trámites
media,sin auto,4248.529433540063,False,1.48210391383712,Trámites
media,sin auto,5953.120015827966,False,1.0,De compras
alta,con auto,94.45784856881932,True,1.48210391383712,De compras
alta,con auto,94.45784856881932,True,1.48210391383712,De compras
alta,sin auto,35375.05487121683,False,1.0,Visitar a alguien
alta,sin auto,35375.05487121683,False,1.0,Visitar a alguien
media,con auto,168.56494482839545,True,1.48210391383712,Trámites
media,con auto,2976.1297388817325,False,1.48210391383712,Visitar a alguien
media,con auto,5824.46406634604,False,1.48210391383712,De compras
media,con auto,5685.768698373708,False,1.48210391383712,De compras
media,con auto,2976.1297388817325,False,1.48210391383712,Visitar a alguien
media,con auto,5819.437631982927,False,1.48210391383712,De compras
media,con auto,5668.514293697385,False,1.48210391383712,De compras
media,sin auto,1224.987448915294,False,1.0,Trámites
media,sin auto,649.8390373115965,True,1.48210391383712,De compras
media,con auto,372.3764804120455,True,1.48210391383712,De compras
media,con auto,143.43362263277916,True,1.48210391383712,De compras
baja,sin auto,2504.2293056026365,False,1.0,De compras
baja,sin auto,5509.968900295768,False,1.0,De salud
alta,con auto,585.1324669732915,False,1.48210391383712,De salud
media,sin auto,11190.964611748455,False,1.0,Visitar a alguien
alta,sin auto,1575.9826299804195,False,1.48210391383712,De compras
alta,sin auto,3878.648844681813,False,1.48210391383712,Recreación
media,sin auto,2476.489344345388,False,1.48210391383712,Recreación
media,sin auto,7240.353523179997,False,1.12721985301036,De salud
media,sin auto,6224.904858161614,False,1.12721985301036,De compras
alta,sin auto,1052.9131356807468,False,1.48210391383712,De salud
media,sin auto,2326.4429964271635,False,1.12721985301036,De compras
baja,sin auto,173.74429228484746,True,1.48210391383712,De compras
alta,sin auto,196.16208221774156,True,1.48210391383712,Recreación
alta,sin auto,196.57298511383118,True,1.48210391383712,Recreación
media,sin auto,4895.3747128387995,False,0.817907347175127,De salud
media,sin auto,1474.1825995832614,True,1.48210391383712,Recreación
media,con auto,973.4226749473029,False,1.48210391383712,De compras
media,sin auto,435.90625,True,1.48210391383712,De compras
media,sin auto,1455.1090571376644,False,1.0,De compras
media,sin auto,1520.844020653088,False,1.48210391383712,De salud
media,sin auto,4543.785069070306,False,1.48210391383712,Recreación
media,sin auto,3051.932172469035,False,1.0,Visitar a alguien
media,sin auto,3513.34310388624,False,1.48210391383712,Trámites
media,sin auto,1431.9640907601568,True,1.48210391383712,De compras
alta,sin auto,4608.98570728962,False,0.817907347175127,De salud
alta,sin auto,2074.6610418274504,False,1.48210391383712,De salud
alta,sin auto,1996.8959701559318,False,1.48210391383712,Visitar a alguien
media,sin auto,9960.151514480402,False,1.12721985301036,Trámites
media,sin auto,2583.509690573864,False,1.48210391383712,De compras
media,con auto,1041.0254264313444,True,1.48210391383712,De compras
media,sin auto,2099.710099037484,False,1.12721985301036,Trámites
media,sin auto,3984.685213904136,False,1.12721985301036,Trámites
alta,sin auto,2899.579356784198,False,1.48210391383712,Visitar a alguien
alta,sin auto,165.81692888921202,True,1.48210391383712,De compras
alta,sin auto,292.3142856611057,True,1.48210391383712,Buscar o dejar algo
media,sin auto,843.3196964091154,True,1.48210391383712,De compras
alta,sin auto,1297.149687777012,True,1.48210391383712,De compras
baja,sin auto,4967.5347241213685,False,1.48210391383712,Trámites
baja,sin auto,565.76105062672,True,1.48210391383712,De compras
baja,sin auto,1020.9297309927848,False,1.0,De compras
media,con auto,6303812.889261655,False,1.5058778792911116,De compras
media,sin auto,6299438.038733866,False,1.0,Trámites
media,sin auto,1735.5455959510255,False,1.0,Trámites
alta,sin auto,137.4522679935202,True,1.48210391383712,De compras
alta,con auto,8784.666156016188,False,1.0,Trámites
media,con auto,2931.3699395771,False,1.48210391383712,De salud
media,sin auto,13706.861304339745,False,1.0,Visitar a alguien
media,sin auto,1726.4059680174446,False,1.0,De salud
media,sin auto,20992.106003005185,False,0.817907347175127,De salud
baja,sin auto,1494.763356911074,False,1.48210391383712,De salud
alta,sin auto,17100.040638686405,False,1.12721985301036,De salud
alta,sin auto,6308968.091370648,False,1.12721985301036,Buscar o Dejar a alguien
alta,sin auto,6582.807096262321,False,1.12721985301036,Visitar a alguien
media,sin auto,6405.310272615728,False,1.0,De salud
media,sin auto,6405.310272615728,False,1.0,De salud
alta,sin auto,24556.28126558919,False,1.0,Visitar a alguien
alta,sin auto,2972.2392652678554,False,1.0,De salud
baja,con auto,217.62131135587342,False,1.0,Trámites
baja,con auto,18272.418542908505,False,1.12721985301036,Recreación
baja,sin auto,6295224.498715698,True,1.14387994007037,Buscar o Dejar a alguien
baja,sin auto,6295224.498715698,True,1.48210391383712,Buscar o Dejar a alguien
media,sin auto,7160.3746280119,False,1.0,De compras
media,sin auto,464.746168329081,True,1.48210391383712,Visitar a alguien
alta,sin auto,728.9117912436748,False,1.0,De compras
alta,sin auto,6008.129280741349,False,1.0,Visitar a alguien
media,sin auto,21052.53665444889,False,0.817907347175127,De salud
alta,sin auto,1499.35957682772,False,1.0,De compras
media,sin auto,12604.45995103426,False,1.12721985301036,De compras
media,sin auto,1479.7804788633346,False,1.0,De salud
media,sin auto,3814.371669797211,False,1.0,Visitar a alguien
alta,sin auto,1441.5821064811266,False,1.0,Visitar a alguien
alta,sin auto,15133.220257445259,False,1.0,De salud
alta,sin auto,128.488360519786,True,1.48210391383712,De compras
alta,sin auto,6089.331720777253,False,1.0,Visitar a alguien
media,sin auto,1761.0489461184775,False,1.48210391383712,De salud
alta,con auto,4446.862936122076,False,1.0,Trámites
media,sin auto,4871.239063790809,False,1.0,De salud
alta,sin auto,4569.9982921906,False,1.0,Trámites
media,sin auto,2532.9696018519944,False,1.0,De salud
media,sin auto,2532.9696018519944,False,1.0,De salud
alta,sin auto,1131.067668748896,False,1.0,Trámites
alta,con auto,1045.2746218847226,False,0.817907347175127,Buscar o Dejar a alguien
alta,sin auto,10977.511174529227,False,1.0,Visitar a alguien
media,con auto,3041.573057652744,False,1.48210391383712,De salud
media,sin auto,7056.800479247394,False,1.0,Visitar a alguien
media,sin auto,14697.78730849052,False,0.817907347175127,Visitar a alguien
alta,sin auto,9553.790278805907,False,1.0,De compras
alta,con auto,6293100.877349436,True,1.48210391383712,Comer o Tomar algo
alta,sin auto,4147.280257609347,False,1.0,De salud
baja,con auto,705.7089631179414,False,1.48210391383712,De compras
baja,con auto,1564.8453376177667,False,1.48210391383712,Visitar a alguien
baja,con auto,8119.475513255247,False,1.48210391383712,De compras
baja,con auto,4387.9664994163295,False,1.48210391383712,Trámites
baja,con auto,3389.5582308023563,False,1.48210391383712,Trámites
baja,con auto,6309571.602226368,False,1.0,De compras
baja,con auto,1465.5375430329523,False,1.14387994007037,De compras
baja,con auto,852.3089228677593,False,1.0,Trámites
baja,con auto,3534.3317354779037,False,1.0,De salud
baja,con auto,4409.7879701189995,False,1.0,De compras
baja,con auto,6307274.428702464,False,1.48210391383712,De compras
baja,con auto,959.8716141364948,False,1.48210391383712,De compras
alta,sin auto,1897.3076033162263,False,1.0,De compras
baja,con auto,7604.451285112967,False,1.12721985301036,Trámites
baja,con auto,4117.496599877163,False,1.12721985301036,De salud
baja,con auto,5586.81459477637,False,1.0,De compras
baja,con auto,7481.208444172388,False,1.12721985301036,Trámites
baja,con auto,3998.3152702106922,False,1.12721985301036,De salud
baja,con auto,5079.893828860993,False,1.12721985301036,De compras
baja,con auto,5282.915176834188,False,1.0430735418982884,De salud
baja,con auto,4927.801717360896,False,1.48210391383712,De compras
baja,con auto,4114.054133109608,False,1.48210391383712,Trámites
baja,con auto,395.8304474949628,True,1.48210391383712,Comer o Tomar algo
baja,con auto,5505.291505678877,False,1.14387994007037,Visitar a alguien
baja,con auto,1091.908854387152,False,1.48210391383712,Recreación
baja,con auto,2241.6781244140657,False,1.48210391383712,De compras
baja,con auto,5482.8185444537785,False,1.48210391383712,Visitar a alguien
baja,sin auto,3589.7369294498794,False,1.0,Trámites
alta,con auto,1890.7815144409367,False,1.0,De compras
baja,sin auto,1004.5077230290467,False,1.12721985301036,De compras
baja,con auto,1218.7972687147615,False,1.48210391383712,Recreación
baja,con auto,620.3577478774345,False,1.48210391383712,Trámites
baja,con auto,6309664.751914794,False,1.48210391383712,Trámites
baja,con auto,6310238.988937099,False,1.48210391383712,De compras
baja,con auto,2571.2133628360293,False,1.48210391383712,De compras
baja,con auto,11671.863295886033,False,1.12721985301036,Trámites
baja,con auto,9794.649980984517,False,1.48210391383712,De compras
baja,con auto,9794.649980984517,False,1.48210391383712,De compras
baja,con auto,6905.213492425601,False,1.48210391383712,De salud
baja,con auto,3395.179892716474,False,1.48210391383712,Buscar o dejar algo
alta,con auto,9157.321341973113,False,1.0,De salud
alta,con auto,5234.724408580557,False,1.0,De compras
baja,con auto,6325.843716268704,False,1.48210391383712,Comer o Tomar algo
baja,con auto,6325.843716268704,False,1.48210391383712,Comer o Tomar algo
baja,con auto,912.3452287408808,False,1.48210391383712,Trámites
baja,sin auto,11948.135409292492,False,1.0,Trámites
baja,sin auto,920.1269125268807,False,1.0,De compras
baja,sin auto,4078.598759957464,False,1.0,De salud
baja,sin auto,6244.252697559297,False,1.12721985301036,De salud
baja,con auto,2788.3707636584127,False,1.48210391383712,De compras
baja,con auto,1267.5785232087203,False,1.48210391383712,Trámites
baja,con auto,2335.2346611960784,False,1.48210391383712,De compras
baja,con auto,4839.897051865489,False,1.48210391383712,Visitar a alguien
baja,con auto,1770.6810089204555,False,1.48210391383712,Trámites
baja,con auto,2306.15336603103,False,1.48210391383712,De salud
baja,con auto,847.028410920348,False,1.48210391383712,Trámites
baja,con auto,2114.1863611627437,False,1.48210391383712,Trámites
baja,con auto,1697.5611299859168,False,1.48210391383712,De compras
baja,con auto,167.64491166226907,True,1.48210391383712,Visitar a alguien
baja,sin auto,1149.200517360466,True,1.48210391383712,De compras
baja,sin auto,4364.886424751114,False,1.14387994007037,Recreación
baja,con auto,425.436247840452,True,1.48210391383712,De compras
baja,con auto,4112.9664278856035,False,1.48210391383712,Buscar o Dejar a alguien
baja,con auto,4307.4015736179335,False,1.0,De compras
baja,con auto,2910.9487667522167,False,1.48210391383712,Comer o Tomar algo
baja,con auto,4738.664504389,False,1.12721985301036,De salud
baja,con auto,1917.094155225559,False,1.14387994007037,De compras
baja,sin auto,259.6998267230843,True,1.48210391383712,De compras
baja,sin auto,425.436247840452,True,1.48210391383712,Recreación
media,con auto,4851.283799563395,False,1.0430735418982884,Trámites
media,con auto,6305452.638201093,False,1.48210391383712,Visitar a alguien
alta,con auto,7599.531317785328,False,1.0,Trámites
alta,con auto,1045.2217398004896,True,1.48210391383712,Trámites
alta,con auto,1016.2814460271635,False,1.0430735418982884,Buscar o Dejar a alguien
alta,con auto,571.616151288662,False,1.0430735418982884,Buscar o Dejar a alguien
alta,con auto,16619.336616697477,False,1.12721985301036,Visitar a alguien
alta,con auto,10770.746738852418,False,1.12721985301036,De compras
alta,con auto,6783.144257320863,False,1.12721985301036,De salud
baja,sin auto,5844.137977177564,False,1.12721985301036,Trámites
baja,con auto,6676.828841297084,False,1.48210391383712,Visitar a alguien
media,sin auto,3473.803087485674,False,1.48210391383712,Trámites
media,con auto,7231.945345849314,False,1.0,Trámites
baja,con auto,4062.132075646975,False,1.48210391383712,Recreación
baja,con auto,5581.754149962626,False,1.48210391383712,De compras
baja,con auto,1340.063108136726,False,1.14387994007037,Trámites
baja,con auto,7231.857109346119,False,1.48210391383712,Trámites
baja,con auto,6001.809263997503,False,1.48210391383712,Buscar o dejar algo
baja,con auto,21207.61515373167,False,1.48210391383712,Buscar o dejar algo
baja,con auto,1340.063108136726,False,1.14387994007037,Trámites
baja,sin auto,5325.905653985644,False,1.0,De salud
baja,sin auto,2430.573479943828,False,1.48210391383712,Comer o Tomar algo
baja,sin auto,5325.905653985644,False,1.0,De salud
baja,sin auto,2450.7599636467994,False,1.48210391383712,Comer o Tomar algo
baja,sin auto,5183.9696610116325,False,1.0,De compras
baja,con auto,11408.877267970982,False,1.5058778792911116,Buscar o Dejar a alguien
baja,con auto,743.5004892661891,False,1.48210391383712,Buscar o Dejar a alguien
baja,con auto,1250.4990445224507,False,1.48210391383712,De compras
baja,con auto,2295.3206324311345,False,1.12721985301036,Trámites
baja,con auto,7917.8960470885195,False,1.48210391383712,Buscar o dejar algo
baja,con auto,5808.050335206218,False,1.48210391383712,De salud
baja,con auto,4406.158884807045,False,1.48210391383712,De compras
baja,con auto,8981.5157406754,False,1.12721985301036,De salud
baja,con auto,5808.050335206218,False,1.48210391383712,De salud
baja,con auto,4406.158884807045,False,1.48210391383712,De compras
media,con auto,8220.762780387611,False,0.817907347175127,Trámites
baja,sin auto,11852.323220353323,False,1.0,De compras
baja,con auto,1933.2100258136077,False,1.0430735418982884,Recreación
baja,con auto,3253.012289263839,False,1.48210391383712,Trámites
baja,sin auto,8513.858398005517,False,1.0,Trámites
baja,sin auto,5286.452496712705,False,1.0,Buscar o dejar algo
baja,con auto,8527.804088181567,False,1.48210391383712,De compras
baja,con auto,8807.984205628525,False,1.48210391383712,Trámites
baja,con auto,254.31015950323828,True,1.48210391383712,Recreación
baja,con auto,6678.419590191698,False,1.12721985301036,De salud
baja,con auto,1707.23608896853,False,1.14387994007037,Buscar o Dejar a alguien
baja,sin auto,2019.2465217563208,False,1.0,De compras
baja,sin auto,893.0996502919271,False,1.0,De salud
baja,con auto,1986.4616079165896,True,1.14387994007037,Recreación
baja,con auto,1862.0658431166075,False,1.0,Trámites
baja,con auto,4123.961128651069,False,1.0,Trámites
baja,con auto,50.16621785686559,True,1.48210391383712,De compras
baja,con auto,6151.65205270414,False,1.12721985301036,Trámites
baja,con auto,1991.5793672300792,False,1.12721985301036,Trámites
baja,sin auto,650.7013523883288,True,1.48210391383712,Trámites
baja,sin auto,517.6987852280151,True,1.48210391383712,De compras
baja,con auto,8895.24062882655,False,1.48210391383712,De compras
alta,sin auto,932.024762131652,False,1.0,Trámites
baja,con auto,7466.719380401547,False,1.0,Trámites
baja,con auto,2929.0784606948055,False,1.12721985301036,Trámites
alta,con auto,2165.294440861335,False,1.48210391383712,De salud
alta,con auto,2165.294440861335,False,1.48210391383712,Trámites
alta,con auto,11393.43565546215,False,1.12721985301036,De compras
baja,con auto,2346.225900790259,False,1.48210391383712,De salud
baja,con auto,1609.3950641953174,False,1.14387994007037,De compras
baja,con auto,2346.225900790259,False,1.48210391383712,De salud
baja,con auto,1609.3950641953174,False,1.14387994007037,De compras
baja,con auto,985.6983609548423,False,1.48210391383712,Trámites
baja,con auto,3347.890457530682,False,1.0,Visitar a alguien
baja,con auto,820.30643092993,True,1.48210391383712,De compras
baja,con auto,2577.011353414067,False,1.48210391383712,De compras
baja,con auto,568.0351353913439,True,1.48210391383712,Trámites
baja,con auto,638.4365493446177,True,1.48210391383712,De compras
baja,con auto,755.0505991167496,True,1.48210391383712,De compras
baja,con auto,755.0505991167496,True,1.48210391383712,De compras
baja,con auto,755.0505991167496,True,1.48210391383712,De compras
baja,con auto,755.0505991167496,True,1.48210391383712,De compras
baja,con auto,6310093.6734983055,False,1.48210391383712,Buscar o dejar algo
baja,con auto,5854.500860132233,False,1.48210391383712,Buscar o Dejar a alguien
baja,con auto,6109.135276067233,False,1.48210391383712,Buscar o Dejar a alguien
baja,con auto,3250.717718977851,False,1.48210391383712,Buscar o Dejar a alguien
baja,con auto,1912.3620724875984,False,1.48210391383712,Recreación
baja,con auto,1906.8892680656793,False,1.48210391383712,Recreación
baja,con auto,3291.626645392252,False,1.48210391383712,De compras
baja,con auto,2343.006610647751,False,1.0,De compras
baja,con auto,3851.17660300577,False,1.0430735418982884,De salud
baja,con auto,917.7110031766877,False,1.48210391383712,Trámites
baja,con auto,2361.756961731893,False,1.48210391383712,Trámites
baja,con auto,3489.411622283413,False,1.48210391383712,De compras
baja,sin auto,2699.104897924495,True,1.48210391383712,Trámites
alta,con auto,1193.269455388875,True,1.48210391383712,De salud
alta,con auto,592.1398768779743,True,1.48210391383712,De compras
baja,con auto,1015.2043590455077,False,1.14387994007037,Visitar a alguien
baja,sin auto,838.9447240432471,True,1.48210391383712,Comer o Tomar algo
baja,sin auto,7602.423775719491,False,1.0,De salud
baja,sin auto,859.2130483762453,True,1.48210391383712,Trámites
baja,sin auto,6722.601305484359,False,1.0,De compras
baja,con auto,5926.654002061893,False,1.0,De salud
baja,con auto,5997.951525638253,False,1.0,De compras
baja,con auto,249.15886819770733,False,1.14387994007037,Buscar o Dejar a alguien
baja,con auto,358.7438710822284,False,1.48210391383712,De compras
baja,con auto,733.1130280618825,True,1.48210391383712,De compras
baja,sin auto,4099.1629586921845,False,1.48210391383712,De salud
baja,sin auto,3090.411179566412,False,1.48210391383712,De salud
baja,con auto,6176.106673431213,False,1.0430735418982884,Buscar o Dejar a alguien
baja,sin auto,1893.9062809380412,True,1.14387994007037,De salud
baja,sin auto,597.1438211721381,True,1.48210391383712,Trámites
baja,sin auto,3414.277542998665,False,0.817907347175127,De salud
baja,con auto,1733.9094941169976,False,1.0430735418982884,Buscar o Dejar a alguien
baja,con auto,9343.646130066478,False,1.0430735418982884,Trámites
baja,con auto,1599.378522184965,False,1.48210391383712,Buscar o Dejar a alguien
baja,con auto,530.2674084026497,True,1.14387994007037,Trámites
baja,con auto,19769.296985422916,False,1.12721985301036,Visitar a alguien
baja,sin auto,5703.068217611162,False,1.0,De salud
baja,con auto,270.58221551233277,False,1.48210391383712,Trámites
baja,con auto,1385.5978529704244,False,1.48210391383712,De compras
baja,con auto,3507.352369042067,False,1.48210391383712,Visitar a alguien
baja,con auto,3490.0589178407863,False,1.48210391383712,Visitar a alguien
baja,con auto,5152.215264224336,False,1.48210391383712,De compras
baja,con auto,4716.395300322721,False,1.48210391383712,Visitar a alguien
alta,sin auto,25673.495999111736,False,1.12721985301036,Visitar a alguien
baja,con auto,3473.9151009928623,False,1.48210391383712,Comer o Tomar algo
baja,con auto,2519.8766369854297,False,1.0430735418982884,Buscar o Dejar a alguien
baja,con auto,7039.877807735839,False,1.48210391383712,Trámites
baja,con auto,4664.61018947206,False,1.12721985301036,De salud
baja,con auto,10129.041026966795,False,1.48210391383712,De salud
baja,con auto,8847.280968310351,False,1.0,De compras
baja,con auto,8471.51533840943,False,1.0,De compras
baja,sin auto,3726.1485416045293,False,1.0,De salud
baja,con auto,10721.198252514807,False,1.0,Visitar a alguien
baja,con auto,3960.6231567821574,False,1.48210391383712,Trámites
baja,con auto,3960.6231567821574,False,1.48210391383712,De salud
baja,con auto,1998.7501651422697,False,1.14387994007037,Visitar a alguien
baja,con auto,1992.1836718100474,False,1.14387994007037,Visitar a alguien
baja,con auto,1752.8957158442142,False,1.0430735418982884,De salud
baja,con auto,8102.592069825557,False,1.48210391383712,De compras
baja,con auto,1752.8957158442142,False,1.0430735418982884,De salud
baja,con auto,8102.358399008067,False,1.48210391383712,De compras
baja,con auto,113.07077429645558,True,1.48210391383712,De compras
baja,con auto,4417.281363081256,False,1.0430735418982884,Trámites
baja,con auto,191.9385074053667,True,1.48210391383712,De compras
baja,con auto,4417.281363081256,False,1.0430735418982884,Trámites
baja,con auto,191.9385074053667,True,1.48210391383712,De compras
baja,con auto,4372.797981667637,False,1.0,De salud
baja,con auto,3294.511971279851,False,1.48210391383712,De salud
baja,con auto,3219.1063686215775,False,1.48210391383712,Trámites
baja,con auto,782.0900889453609,False,1.48210391383712,De compras
baja,con auto,4372.797981667637,False,1.0,De salud
baja,con auto,3294.511971279851,False,1.48210391383712,De salud
baja,con auto,3219.1063686215775,False,1.48210391383712,Trámites
baja,con auto,782.0900889453609,False,1.48210391383712,De compras
baja,con auto,844.564865774086,False,1.48210391383712,Buscar o Dejar a alguien
baja,con auto,180.6298442256982,True,1.48210391383712,De compras
media,con auto,786.6282873759371,False,1.12721985301036,De compras
baja,con auto,246262.37605155128,False,1.48210391383712,Buscar o Dejar a alguien
baja,con auto,3640.7113167074317,False,1.48210391383712,Trámites
baja,con auto,885.0669819284866,False,1.48210391383712,Trámites
baja,con auto,3991.0659781067966,False,1.48210391383712,De compras
baja,con auto,3708.133303652425,False,1.12721985301036,De compras
baja,con auto,2499.9390617573063,False,1.14387994007037,Visitar a alguien
baja,con auto,3839.14453565179,False,1.48210391383712,De compras
baja,con auto,2499.9390617573063,False,1.14387994007037,Visitar a alguien
baja,con auto,667.7099630277824,False,1.0430735418982884,De salud
baja,con auto,1323.259932007408,False,1.48210391383712,De salud
baja,con auto,2357.4794082146827,False,1.48210391383712,Trámites
baja,con auto,1156.9911560406372,False,1.48210391383712,Trámites
baja,con auto,294.5263212452327,False,1.48210391383712,Visitar a alguien
baja,con auto,1323.259932007408,False,1.48210391383712,De compras
baja,con auto,12725.597319331971,False,1.12721985301036,De salud
baja,con auto,1052.9504399098041,False,1.48210391383712,De compras
baja,sin auto,5176.260403575636,False,1.0,Trámites
baja,sin auto,5406.549413674123,False,1.12721985301036,Trámites
baja,sin auto,2129.9673422158967,False,1.0,Trámites
baja,con auto,649.9440480726014,True,1.14387994007037,Visitar a alguien
baja,con auto,1586.5359720551564,True,1.14387994007037,Trámites
media,sin auto,149.485422705903,False,1.0,De compras
baja,con auto,3369.877121420982,False,1.48210391383712,De compras
baja,con auto,3404.319427671998,False,1.48210391383712,De compras
baja,con auto,3417.626298416051,False,1.48210391383712,De compras
baja,con auto,12154.218532699872,False,1.12721985301036,Visitar a alguien
baja,con auto,2178.1313602848313,False,1.48210391383712,De compras
baja,con auto,830.4774605610919,False,1.14387994007037,Trámites
baja,con auto,9844.987547605126,False,1.12721985301036,De compras
baja,con auto,345.71071637145195,True,1.48210391383712,De compras
baja,sin auto,934.0714975311045,False,1.0,De salud
baja,sin auto,8369.48552272116,False,1.0,De salud
baja,con auto,830.9734337848894,True,1.14387994007037,Visitar a alguien
baja,con auto,1757.5076705135778,False,1.05276355601825,Recreación
baja,con auto,184.69303344079466,True,1.48210391383712,De compras
baja,con auto,2025.578708058283,False,1.12721985301036,De compras
baja,con auto,4148.19197248934,False,1.48210391383712,De salud
baja,con auto,1935.41838404234,False,1.48210391383712,Buscar o Dejar a alguien
baja,con auto,1475.8337503896103,False,1.48210391383712,De compras
baja,con auto,2582.6848433364844,False,1.14387994007037,Trámites
baja,con auto,2075.1571064865334,False,1.14387994007037,De compras
baja,sin auto,3597.515280897228,False,1.48210391383712,De salud
baja,con auto,3567.5909375454257,False,1.14387994007037,Visitar a alguien
baja,con auto,6551.286474628952,False,1.0,Trámites
media,con auto,3497.0720096424952,False,1.14387994007037,Visitar a alguien
baja,con auto,1670.6586676485003,False,1.48210391383712,Trámites
baja,con auto,1861.4475056810627,False,1.48210391383712,Trámites
baja,con auto,2677.9341041941734,False,1.48210391383712,De compras
baja,con auto,730.7706127620093,False,1.14387994007037,De compras
media,con auto,6863.914035783447,False,1.48210391383712,De salud
baja,con auto,792.5450949561562,False,1.48210391383712,De compras
baja,con auto,311.0595693176188,True,1.48210391383712,De compras
baja,con auto,2235.874329121608,False,1.14387994007037,De compras
baja,con auto,1296.4773611026003,True,1.48210391383712,De compras
baja,con auto,7835.63522479043,False,1.48210391383712,De salud
baja,con auto,4241.408460351238,False,1.48210391383712,Comer o Tomar algo
baja,con auto,2042.1144528347481,False,1.14387994007037,De compras
baja,con auto,1314.8467487339542,False,1.48210391383712,De salud
baja,con auto,3156.7415582567096,False,1.48210391383712,De compras
baja,con auto,7670.059665062912,False,1.12721985301036,Visitar a alguien
baja,con auto,3380.0585171120283,False,1.14387994007037,Visitar a alguien
baja,con auto,4593.272594665621,False,1.48210391383712,Buscar o Dejar a alguien
alta,con auto,419.43667695679943,False,1.14387994007037,De compras
baja,con auto,4416.203631585052,False,1.48210391383712,De salud
baja,con auto,1860.4218954060527,False,1.48210391383712,Trámites
baja,con auto,2537.0929047290647,False,1.48210391383712,De compras
baja,con auto,4416.203631585052,False,1.48210391383712,De salud
baja,sin auto,2411.262224567249,False,1.48210391383712,De compras
baja,sin auto,2544.613947266854,False,1.12721985301036,Trámites
baja,con auto,2081.988727755268,False,1.48210391383712,De compras
baja,con auto,4091.0426815979627,False,1.48210391383712,Recreación
baja,con auto,5568.61694145189,False,1.5058778792911116,Trámites
baja,con auto,5247.342221603714,False,1.48210391383712,Comer o Tomar algo
baja,con auto,2495.887094927373,False,1.12721985301036,De compras
baja,con auto,1587.45960701564,False,1.12721985301036,Trámites
baja,con auto,7257.2241987752495,False,1.0,Visitar a alguien
baja,con auto,5281.200056346687,False,1.14387994007037,De compras
baja,con auto,9742.250815602192,False,1.0,Trámites
baja,con auto,9742.250815602192,False,1.0,Trámites
baja,sin auto,926.4073099378319,True,1.48210391383712,De compras
baja,con auto,6648.743182749372,False,1.48210391383712,Buscar o Dejar a alguien
baja,con auto,6180.427649496762,False,1.0,Trámites
baja,con auto,2197.5033616388537,False,1.48210391383712,Comer o Tomar algo
baja,sin auto,14078.38805483981,False,1.12721985301036,De compras
baja,con auto,516.4987937122893,True,1.14387994007037,Recreación
baja,con auto,9283.687373560142,False,1.0,Recreación
baja,con auto,5010.623611154229,False,1.48210391383712,Visitar a alguien
baja,sin auto,4211.657837854835,False,1.48210391383712,De salud
baja,con auto,10458.642877909937,False,1.12721985301036,Trámites
baja,con auto,2102.1185855825456,False,1.48210391383712,De compras
baja,con auto,1658.339494466151,False,1.0,Trámites
baja,con auto,541.7747537391,False,1.0430735418982884,Buscar o Dejar a alguien
baja,con auto,2047.6658951508819,False,1.14387994007037,De compras
baja,con auto,2046.379134832195,False,1.14387994007037,De compras
baja,con auto,7502.653853452561,False,1.14387994007037,Visitar a alguien
baja,con auto,2468.8828035878014,False,1.0,De salud
baja,con auto,1489.9182142507857,False,1.0,De compras
baja,con auto,2468.8828035878014,False,1.0,De salud
baja,con auto,1489.9182142507857,False,1.0,De compras
media,con auto,192.49025949382477,False,1.48210391383712,De compras
alta,sin auto,1958.7604857728268,False,1.0,De compras
baja,con auto,2255.4230689000597,False,1.48210391383712,Buscar o Dejar a alguien
baja,con auto,1943.5609195112877,False,1.48210391383712,De compras
baja,con auto,326.7754927411938,False,1.48210391383712,De compras
media,sin auto,2824.5963677355744,False,1.0,Trámites
media,sin auto,1373.456520061702,True,1.48210391383712,Trámites
media,sin auto,8586.725802073803,False,1.0,De salud
media,sin auto,8586.725802073803,False,1.0,Buscar o Dejar a alguien
baja,con auto,1852.0585263852354,False,1.48210391383712,Buscar o Dejar a alguien
baja,con auto,2267.4796910698146,False,1.48210391383712,De compras
baja,con auto,2075.3669715031724,False,1.14387994007037,Buscar o Dejar a alguien
baja,con auto,1626.4713831347449,False,1.48210391383712,De compras
media,con auto,500.4912742745871,False,1.48210391383712,Visitar a alguien
media,con auto,500.4912742745871,False,1.48210391383712,Visitar a alguien
baja,sin auto,5385.330506574231,False,1.12721985301036,Trámites
baja,sin auto,3281.9400512501747,False,1.12721985301036,Trámites
baja,con auto,1985.3839088763161,False,1.48210391383712,De compras
baja,con auto,812.6624362867786,False,1.48210391383712,De compras
baja,con auto,11750.491745029227,False,1.48210391383712,Trámites
baja,con auto,11750.491745029227,False,1.48210391383712,Trámites
baja,con auto,5804.196526342492,False,1.48210391383712,De salud
baja,con auto,6520.746315846446,False,0.817907347175127,Trámites
baja,con auto,3505.282316470966,False,1.48210391383712,De salud
baja,con auto,1596.1302531924673,False,1.48210391383712,Trámites
baja,sin auto,1134.3923556695727,True,1.48210391383712,De compras
baja,con auto,12820.562353331623,False,1.48210391383712,Buscar o Dejar a alguien
baja,con auto,24879.09189970378,False,1.48210391383712,Trámites
baja,con auto,691.9842845036295,False,1.48210391383712,De compras
baja,con auto,4818.0080492357,False,1.48210391383712,Trámites
baja,con auto,24878.35863286855,False,1.48210391383712,Trámites
baja,con auto,715.7228863184409,True,1.48210391383712,Trámites
baja,sin auto,2674.744486190457,False,1.0,Visitar a alguien
baja,sin auto,6311432.755035745,False,1.0,Visitar a alguien
baja,con auto,8190.471549080008,False,1.12721985301036,Trámites
baja,con auto,392.05793302975326,True,1.48210391383712,Buscar o Dejar a alguien
baja,con auto,1527.6334549414169,False,1.14387994007037,Visitar a alguien
baja,con auto,1718.0918401788254,False,1.14387994007037,Buscar o Dejar a alguien
baja,con auto,1527.6334549414169,False,1.14387994007037,Visitar a alguien
baja,con auto,1718.0918401788254,False,1.14387994007037,Visitar a alguien
media,con auto,3306.5656845096187,False,1.0,Trámites
media,con auto,3660.7861755163417,False,1.0,Trámites
media,con auto,1681.7685085665773,False,1.0,Recreación
baja,con auto,315.6710130445342,False,1.48210391383712,De compras
baja,con auto,2174.752308319056,False,1.48210391383712,Buscar o Dejar a alguien
baja,con auto,2089.3312198617677,False,1.14387994007037,De compras
baja,con auto,2089.3312198617677,False,1.14387994007037,De compras
baja,sin auto,554.223479328567,True,1.48210391383712,Visitar a alguien
baja,con auto,700.5694175376645,True,1.48210391383712,De compras
baja,con auto,1672.0678264969547,True,1.48210391383712,De salud
baja,con auto,5065.167220312333,False,1.48210391383712,De compras
baja,con auto,1216.7051856506007,False,1.48210391383712,Recreación
baja,con auto,204.28213677717883,True,1.48210391383712,De compras
baja,con auto,13300.610776036752,False,1.12721985301036,De salud
baja,con auto,8927.533138032257,False,1.0,De salud
baja,con auto,4439.637011947211,False,1.0,De salud
baja,con auto,3602.9860750808575,False,1.12721985301036,De compras
baja,sin auto,3415.5878098672947,False,1.0,De salud
baja,sin auto,532.9317498517047,True,1.48210391383712,De compras
baja,con auto,1280.6854609934478,True,1.48210391383712,De compras
baja,con auto,7969.0695592788625,False,1.0,De salud
baja,con auto,5949.80125751325,False,1.12721985301036,Buscar o dejar algo
baja,con auto,1582.685349347451,False,1.0,Trámites
baja,con auto,2287.784258294475,False,1.0,Trámites
baja,con auto,2585.0097316064403,False,1.48210391383712,Buscar o Dejar a alguien
baja,con auto,2585.0097316064403,False,1.48210391383712,Buscar o Dejar a alguien
media,sin auto,776.5509386714838,True,1.48210391383712,Trámites
media,sin auto,4093.1995588910945,False,1.05276355601825,De salud
media,con auto,96.62104313534655,True,1.48210391383712,De compras
media,con auto,9110.284196533144,False,1.48210391383712,Buscar o Dejar a alguien
media,con auto,5781.498040709394,False,1.48210391383712,Buscar o Dejar a alguien
media,con auto,5781.498040709394,False,1.48210391383712,Buscar o Dejar a alguien
baja,sin auto,4995.549097462285,False,1.48210391383712,Recreación
baja,con auto,1444.2212464816678,True,1.48210391383712,De compras
baja,con auto,9667.086773760038,False,1.48210391383712,De compras
baja,con auto,7856.793416530631,False,1.0,De salud
baja,con auto,1707.0326252854873,False,1.48210391383712,Trámites
baja,con auto,5072.076222999223,False,1.12721985301036,Trámites
baja,con auto,713.7540307460617,False,1.48210391383712,De compras
baja,con auto,621.7853900575846,False,1.48210391383712,Buscar o Dejar a alguien
baja,con auto,984.3139351099132,False,1.48210391383712,Trámites
baja,con auto,10659.829396647256,False,1.12721985301036,De salud
baja,con auto,847.5177502058954,False,1.48210391383712,De compras
baja,con auto,15991.055216052866,False,1.14387994007037,Recreación
baja,con auto,5247.946229612709,False,1.48210391383712,De compras
alta,sin auto,6584.8372254108335,False,1.0,Trámites
baja,sin auto,1703.3336844626187,False,1.12721985301036,De compras
baja,sin auto,2376.5657324517792,False,1.48210391383712,De compras
baja,con auto,1457.1273755154566,False,1.48210391383712,De compras
baja,con auto,3355.322940516494,False,1.48210391383712,Buscar o Dejar a alguien
baja,con auto,566.0291382531137,False,1.48210391383712,De compras
baja,con auto,3981.000887025774,False,1.48210391383712,De salud
baja,con auto,3181.868768562205,False,1.48210391383712,De compras
baja,con auto,762.5538563203668,False,1.14387994007037,Visitar a alguien
baja,con auto,2296.5411732323814,False,1.14387994007037,Buscar o Dejar a alguien
baja,con auto,3162.3802239237557,False,1.14387994007037,Buscar o dejar algo
baja,sin auto,6321395.376699697,False,1.0,De salud
baja,sin auto,14225.37075966739,False,1.12721985301036,De salud
baja,con auto,6976.223279826987,False,1.48210391383712,De compras
baja,con auto,13485.584116850714,False,1.0430735418982884,De compras
alta,sin auto,646.2115075577036,True,1.48210391383712,De salud
baja,con auto,11767.045223089208,False,1.48210391383712,Visitar a alguien
baja,con auto,7712.968777348418,False,1.48210391383712,De compras
alta,con auto,460.88832470736605,False,1.0,Trámites
baja,con auto,2182.3171395689146,False,1.48210391383712,De compras
baja,con auto,7718.731807923906,False,1.48210391383712,Trámites
baja,con auto,9087.566230845308,False,1.48210391383712,De compras
baja,con auto,2188.195740251829,False,1.48210391383712,De compras
baja,con auto,7725.606867596633,False,1.48210391383712,Trámites
baja,con auto,9096.246368695167,False,1.48210391383712,De compras
baja,con auto,363.98808923035176,False,1.48210391383712,Recreación
alta,sin auto,1663.0171731416553,False,1.0,Trámites
baja,con auto,2188.639717381552,False,1.48210391383712,De compras
baja,con auto,3867.904737149567,False,1.48210391383712,De salud
baja,con auto,3245.6225351425264,False,1.48210391383712,De compras
baja,con auto,924.311429207744,False,1.48210391383712,De compras
baja,con auto,2674.927518184196,False,1.48210391383712,Buscar o Dejar a alguien
baja,con auto,4337.887866303715,False,1.48210391383712,Buscar o Dejar a alguien
baja,con auto,5430.171640735822,False,1.0430735418982884,Buscar o Dejar a alguien
baja,con auto,3303.737199801395,False,1.0430735418982884,De compras
baja,con auto,3539.5417761839685,False,1.48210391383712,Buscar o Dejar a alguien
baja,con auto,10609.333046723015,False,1.48210391383712,Trámites
baja,con auto,10609.333046723015,False,1.48210391383712,Trámites
baja,con auto,48254.29683365158,False,1.12721985301036,Recreación
baja,con auto,6318603.54161924,False,1.48210391383712,Visitar a alguien
baja,con auto,328.7128365401175,False,1.0430735418982884,Buscar o Dejar a alguien
alta,sin auto,1782.2310283676925,False,1.0,Trámites
alta,sin auto,732.706093687341,True,1.48210391383712,De compras
alta,con auto,76.02631123499285,True,1.48210391383712,Visitar a alguien
alta,con auto,77.15244649393821,True,1.48210391383712,Visitar a alguien
media,sin auto,507.68695852027014,False,1.48210391383712,Trámites
media,sin auto,5473.172903699377,False,1.0,De compras
alta,sin auto,1738.4333714336199,False,1.14387994007037,Visitar a alguien
alta,sin auto,3722.123781698973,False,1.48210391383712,Trámites
alta,sin auto,3722.123781698973,False,1.48210391383712,Trámites
alta,sin auto,2088.2301866652538,False,1.0,De compras
alta,sin auto,2001.290948841288,False,1.48210391383712,Trámites
alta,sin auto,4700.20146686305,False,1.0,Visitar a alguien
media,sin auto,1062.9567662487796,False,1.0,De salud
media,sin auto,10565.94478738177,False,1.0,Trámites
alta,sin auto,6946.75782767805,False,1.0,Trámites
media,sin auto,2045.2754246066713,False,1.48210391383712,De compras
media,sin auto,382.13024535367845,True,1.48210391383712,De salud
alta,sin auto,5754.737345018993,False,1.0,De salud
alta,sin auto,5754.737345018993,False,1.0,De salud
alta,sin auto,5754.737345018993,False,1.0,De salud
alta,sin auto,5592.998422361575,False,1.0,De compras
alta,sin auto,7324.064634178551,False,1.12721985301036,Buscar o Dejar a alguien
baja,sin auto,290.66303514551004,True,1.48210391383712,De compras
media,sin auto,1295.181346270306,True,1.48210391383712,De salud
alta,con auto,4291.7939159052785,False,1.0,De salud
alta,sin auto,6819.292979713077,False,0.817907347175127,De salud
alta,con auto,10132.22734070792,False,0.817907347175127,De salud
alta,sin auto,6300248.403981545,True,1.48210391383712,De compras
alta,sin auto,2479.7418157252278,False,1.12721985301036,Trámites
alta,sin auto,2411.5348621990856,False,1.12721985301036,Trámites
alta,sin auto,1467.7904954306532,True,1.48210391383712,De compras
alta,sin auto,6471.531293685927,False,1.0,De compras
alta,sin auto,4854.715198665752,False,1.0430735418982884,De salud
media,con auto,4467.447044751202,False,1.48210391383712,De compras
alta,sin auto,10024.601822721019,False,0.817907347175127,De salud
alta,sin auto,4716.688401573615,False,1.42042823117339,De salud
alta,sin auto,4716.688401573615,False,1.0,De salud
alta,sin auto,1825.513074549608,True,1.48210391383712,De compras
media,sin auto,671.872547233895,True,1.48210391383712,De compras
media,sin auto,5291.187687978387,False,1.0,De salud
media,sin auto,795.546923334232,False,1.48210391383712,Trámites
media,sin auto,6299719.494202845,True,1.48210391383712,De compras
media,sin auto,1215.6365266966366,True,1.48210391383712,De compras
alta,con auto,2643.11205068949,False,1.48210391383712,Trámites
alta,con auto,887.9259106769903,True,1.14387994007037,De salud
media,sin auto,2904.6101401747965,False,1.0,Visitar a alguien
alta,sin auto,1497.9577324357529,False,1.0,Trámites
alta,sin auto,3411.2287938203535,False,0.817907347175127,Trámites
baja,sin auto,12374.034590854515,False,1.0,De compras
baja,sin auto,1072.2373371724016,True,1.48210391383712,De compras
baja,sin auto,212.65789170931325,True,1.48210391383712,Recreación
baja,sin auto,539.8799056271681,True,1.48210391383712,De compras
baja,sin auto,539.8799056271681,True,1.48210391383712,De compras
media,con auto,608.5172585114165,True,1.48210391383712,Trámites
baja,sin auto,294.1568459172759,True,1.48210391383712,De compras
baja,sin auto,334.8689634114365,True,1.48210391383712,De compras
alta,sin auto,5601.446976929405,False,1.12721985301036,De compras
alta,sin auto,864.875950732965,False,1.0,De salud
alta,sin auto,7833.250903849324,False,1.12721985301036,Visitar a alguien
baja,sin auto,156.15735065651728,True,1.48210391383712,De salud
media,sin auto,842.5938583660873,False,1.0,Buscar o Dejar a alguien
media,sin auto,634.0792537214886,True,1.48210391383712,Trámites
media,sin auto,842.8177650929351,True,1.48210391383712,Buscar o Dejar a alguien
media,sin auto,791.1329124466065,False,1.0,Trámites
media,sin auto,3084.417789090228,False,1.0,Trámites
baja,sin auto,1242.104163871231,True,1.48210391383712,De compras
media,con auto,1245.7546599758568,False,1.0,Trámites
media,con auto,7379.019273485912,False,0.817907347175127,Trámites
media,con auto,423.0532447004307,True,1.48210391383712,Buscar o dejar algo
media,con auto,432.04566205617954,True,1.48210391383712,Buscar o Dejar a alguien
alta,sin auto,5375.528070353298,False,1.0,Recreación
baja,sin auto,491.11128070841795,True,1.48210391383712,De compras
baja,sin auto,491.11128070841795,True,1.48210391383712,De compras
media,sin auto,3782.889039524099,False,1.05276355601825,De salud
media,sin auto,5205.717207131502,False,1.42042823117339,Trámites
media,sin auto,2683.371562308554,False,1.48210391383712,Trámites
media,sin auto,6306618.526794146,True,1.14387994007037,Trámites
media,sin auto,6306618.526794146,True,1.48210391383712,Trámites
alta,sin auto,1725.8131012225983,False,1.0,Trámites
alta,sin auto,1579.1062744402489,False,1.0,De compras
alta,sin auto,1370.1627697558417,False,1.0,Trámites
media,sin auto,2787.8994782768914,False,1.0,Visitar a alguien
baja,sin auto,3972.017301247094,False,0.817907347175127,Trámites
baja,sin auto,6616.937944821985,False,1.12721985301036,De salud
alta,sin auto,7047.933498177076,False,1.12721985301036,Trámites
baja,con auto,4577.2572846629455,False,1.48210391383712,Buscar o Dejar a alguien
alta,sin auto,1906.3226379603218,False,1.12721985301036,Recreación
media,sin auto,761.2986084901656,True,1.48210391383712,De compras
media,sin auto,761.2986084901656,True,1.48210391383712,De compras
baja,sin auto,1281.523025788066,False,1.48210391383712,De salud
baja,sin auto,1080.4706010468599,False,1.12721985301036,Trámites
baja,sin auto,1982.0177201942627,False,1.12721985301036,De compras
baja,sin auto,1464.6658298615635,False,1.12721985301036,Trámites
baja,sin auto,1464.6658298615635,True,1.48210391383712,Trámites
alta,sin auto,554.8365688777754,True,1.48210391383712,De compras
alta,sin auto,6985.762070949315,False,1.12721985301036,Trámites
alta,sin auto,4174.944327964334,False,1.12721985301036,De compras
alta,sin auto,6985.762070949315,False,1.12721985301036,Trámites
alta,sin auto,4174.944327964334,False,1.12721985301036,De compras
baja,sin auto,1568.7000988079271,True,1.48210391383712,De compras
alta,sin auto,374.200987313302,True,1.48210391383712,De salud
media,con auto,5980.293518824061,False,1.48210391383712,De compras
media,con auto,5980.293518824061,False,1.48210391383712,Buscar o Dejar a alguien
alta,sin auto,3803.1522621249665,False,1.0,De salud
baja,sin auto,8170.6090616597585,False,0.817907347175127,Visitar a alguien
baja,sin auto,706.3735075911062,True,1.48210391383712,Trámites
media,sin auto,2998.871657761726,False,1.0,De salud
media,sin auto,3005.8678681247784,False,1.12721985301036,Trámites
alta,sin auto,12143.810912136543,False,1.12721985301036,De salud
media,con auto,3462.878068258396,False,1.48210391383712,De salud
media,con auto,6307823.131487588,True,1.48210391383712,Trámites
alta,sin auto,830.1292968050594,False,1.48210391383712,De compras
media,sin auto,240.681894653633,True,1.48210391383712,Recreación
alta,con auto,337.6718081214362,False,1.14387994007037,De compras
baja,sin auto,1249.2877111203209,False,1.48210391383712,Visitar a alguien
alta,con auto,6305159.630744244,False,1.48210391383712,Buscar o Dejar a alguien
alta,con auto,6307776.798845576,False,1.14387994007037,Visitar a alguien
baja,sin auto,9178.182910312707,False,1.12721985301036,Visitar a alguien
media,con auto,1101.8921231121324,False,1.48210391383712,De salud
media,con auto,1101.8921231121324,False,1.48210391383712,De salud
baja,con auto,7805.8038323882165,False,1.12721985301036,Trámites
baja,con auto,506.8373377268712,True,1.48210391383712,Comer o Tomar algo
baja,con auto,1041.02931522424,False,1.14387994007037,De compras
baja,con auto,1450.4414468102461,True,1.14387994007037,De salud
baja,con auto,7465.109260715081,False,1.05276355601825,De compras
baja,sin auto,5681.028337345851,False,1.5058778792911116,De salud
baja,sin auto,2054.4236192242734,False,1.48210391383712,Trámites
baja,sin auto,740.5576189021773,True,1.48210391383712,De compras
baja,sin auto,6301132.406541269,True,1.48210391383712,Visitar a alguien
baja,sin auto,2647.152771913922,False,1.0,Trámites
baja,sin auto,643.6755327074736,True,1.48210391383712,De compras
baja,sin auto,457.26917418108343,False,1.0430735418982884,De salud
baja,con auto,457.86679285573877,False,1.48210391383712,De salud
media,sin auto,1633.7853002235522,False,1.0,Trámites
alta,con auto,5782.320279646074,False,1.48210391383712,De salud
alta,con auto,2573.536307491418,False,1.48210391383712,Buscar o Dejar a alguien
media,con auto,2173.6001478052635,True,1.48210391383712,Trámites
media,con auto,6302639.522125331,True,1.48210391383712,Recreación
baja,sin auto,1265.8895591545743,False,1.48210391383712,De salud
baja,sin auto,114.44321736127485,True,1.48210391383712,De compras
alta,con auto,5482.76664058906,False,1.48210391383712,De salud
baja,sin auto,8102.60101329592,False,1.0,De salud
baja,sin auto,8102.60101329592,False,1.0,De salud
media,con auto,3426.8790740959275,False,1.0,De compras
media,con auto,7882.512518077992,False,1.42042823117339,De salud
media,con auto,6134.203200042697,False,1.0,De salud
media,con auto,3060.245425845164,False,1.0,Trámites
media,con auto,3060.245425845164,False,1.0,De salud
alta,sin auto,7100.61007172095,False,1.0,Trámites
media,con auto,469.9167988607797,True,1.48210391383712,De salud
media,con auto,469.9167988607797,False,1.48210391383712,De compras
alta,con auto,467.19664393225526,True,1.48210391383712,De compras
alta,con auto,653.6908680535184,True,1.48210391383712,De salud
alta,con auto,10519.572860017966,False,1.48210391383712,De compras
baja,con auto,5705.276437433953,False,1.48210391383712,Trámites
baja,con auto,5747.629250395332,False,1.48210391383712,Trámites
baja,sin auto,50.648769497022336,True,1.48210391383712,De compras
media,con auto,1728.3972344342606,False,1.48210391383712,De salud
media,con auto,5230.563846222896,False,1.0,Trámites
media,con auto,190.69611634499142,True,1.48210391383712,De compras
baja,con auto,5887.61895348249,False,1.0430735418982884,Buscar o Dejar a alguien
baja,con auto,1025.7548440051355,False,1.14387994007037,Buscar o Dejar a alguien
baja,sin auto,1643.5025491024496,False,1.48210391383712,De salud
media,sin auto,723.3615976650699,False,1.48210391383712,De compras
media,con auto,269.87245432159705,False,1.14387994007037,De salud
media,sin auto,405.22892955903643,True,1.48210391383712,De compras
media,con auto,1308.6948953448098,False,1.0,Trámites
media,con auto,11215.526255660332,False,1.14387994007037,Visitar a alguien
alta,sin auto,707.3559924111762,True,1.14387994007037,De salud
alta,sin auto,1254.5921414572347,False,1.0,De compras
alta,sin auto,1306.0497846709607,True,1.48210391383712,Trámites
baja,con auto,1419.8883487273083,False,1.14387994007037,Trámites
baja,con auto,779.4975971138397,True,1.48210391383712,De salud
baja,con auto,2297.4779047155707,False,1.48210391383712,Trámites
baja,con auto,2884.7093943825716,False,1.48210391383712,De compras
baja,con auto,7518.971763406633,False,1.14387994007037,Recreación
baja,sin auto,6847.310191626458,False,1.12721985301036,Trámites
baja,sin auto,3873.3042761478214,False,1.12721985301036,Comer o Tomar algo
baja,sin auto,259.1139970680135,True,1.48210391383712,Comer o Tomar algo
baja,sin auto,6304108.945215097,True,1.48210391383712,Recreación
alta,con auto,12365.872796394178,False,1.14387994007037,Visitar a alguien
alta,con auto,12365.872796394178,False,1.14387994007037,Visitar a alguien
alta,con auto,6055.143588628287,False,1.48210391383712,De salud
alta,con auto,779.2465568028276,True,1.48210391383712,De compras
alta,con auto,6055.143588628287,False,1.48210391383712,De salud
alta,con auto,779.2465568028276,True,1.48210391383712,De compras
alta,sin auto,529.1492001095367,True,1.48210391383712,De compras
alta,con auto,3675.7886708214146,False,1.48210391383712,Trámites
alta,con auto,86.83317338436964,True,1.48210391383712,Comer o Tomar algo
media,con auto,1735.8987183449276,False,1.48210391383712,De salud
baja,sin auto,1896.884996884695,False,1.0,De salud
baja,sin auto,4890.982931091312,False,1.12721985301036,Trámites
media,sin auto,2772.362984103092,False,1.0,Trámites
baja,sin auto,271.08704962901214,True,1.48210391383712,De compras
baja,sin auto,96.53110331002128,True,1.48210391383712,De compras
baja,con auto,3785.6120161625204,False,1.0,De compras
media,sin auto,571.8485922864548,True,1.48210391383712,De compras
baja,con auto,374.2396458153519,True,1.48210391383712,Visitar a alguien
baja,sin auto,9597.219252668403,False,0.817907347175127,Trámites
baja,sin auto,1585.8228948739043,False,1.48210391383712,Trámites
baja,sin auto,258.8412448568862,False,1.14387994007037,De salud
media,sin auto,2935.421994391309,False,1.0,Trámites
alta,sin auto,1844.2916071561358,False,1.48210391383712,De compras
alta,sin auto,11070.505408208068,False,1.12721985301036,Trámites
alta,sin auto,12814.445574843454,False,1.12721985301036,De compras
media,sin auto,12019.20234734428,False,1.0,De salud
media,con auto,9319.538847867638,False,1.0430735418982884,De salud
media,con auto,9319.538847867638,False,1.0430735418982884,De salud
media,sin auto,16220.164577160007,False,1.0,Trámites
media,sin auto,11091.832807269233,False,1.0,De compras
baja,sin auto,248.38887889003806,True,1.48210391383712,De compras
baja,sin auto,246.40195383065148,False,1.0,Trámites
media,sin auto,6301903.058012613,False,1.0,De compras
baja,sin auto,6295950.203780849,True,1.48210391383712,De compras
media,sin auto,6301891.071659835,True,1.48210391383712,Trámites
baja,sin auto,438.83540835374714,True,1.48210391383712,De compras
media,sin auto,6303551.713158999,False,1.5058778792911116,De salud
baja,con auto,2805.1317705234455,False,1.48210391383712,Buscar o Dejar a alguien
baja,sin auto,1172.7254618149393,False,1.0,De compras
baja,con auto,2131.662986241977,False,1.48210391383712,De salud
baja,con auto,1762.8532937688158,False,1.48210391383712,De salud
baja,con auto,1961.6473727556292,False,1.48210391383712,De compras
media,sin auto,1636.4526421500868,True,1.48210391383712,Trámites
baja,con auto,8546.358192841648,False,1.12721985301036,Trámites
alta,sin auto,905.5133433799099,True,1.14387994007037,De salud
alta,con auto,1326.4830648331183,False,1.48210391383712,Buscar o Dejar a alguien
alta,con auto,10398.426233277141,False,1.12721985301036,Recreación
media,sin auto,2338.1613979056815,False,1.48210391383712,De compras
media,sin auto,2338.1613979056815,False,1.48210391383712,De compras
media,sin auto,450.5382989148231,True,1.48210391383712,De salud
media,sin auto,3444.3999346992578,False,1.48210391383712,Visitar a alguien
media,sin auto,4308.678939547662,False,1.0,Visitar a alguien
media,sin auto,802.0900846577334,True,1.48210391383712,Buscar o Dejar a alguien
media,sin auto,160.2981627360791,True,1.48210391383712,De compras
media,sin auto,1301.8506182456429,False,1.48210391383712,De salud
media,con auto,139.34189979709083,True,1.48210391383712,De compras
baja,con auto,3853.981228872294,False,1.48210391383712,De compras
baja,sin auto,3626.739221243547,False,1.0,De salud
baja,sin auto,6652.734292191444,False,1.0,Recreación
media,sin auto,9596.323422157897,False,1.0,Trámites
alta,sin auto,2235.9453397836005,False,1.0,Trámites
baja,sin auto,274.616614858333,True,1.48210391383712,De compras
baja,sin auto,793.129211597368,True,1.48210391383712,Recreación
alta,sin auto,1135.5221558412015,False,1.48210391383712,De salud
alta,sin auto,176.9190123024162,True,1.48210391383712,De compras
alta,sin auto,2820.0716041510477,False,1.48210391383712,Trámites
media,sin auto,14700.877285451847,False,1.0,De salud
media,sin auto,6299606.259060417,False,1.0,De compras
media,con auto,663.2778695438002,True,1.48210391383712,De compras
media,con auto,137.49232933149398,True,1.48210391383712,De compras
baja,con auto,4476.965996322349,False,1.0,De compras
alta,sin auto,2549.0997553057823,False,1.48210391383712,Trámites
alta,sin auto,1526.6142484192144,False,1.48210391383712,Trámites
alta,sin auto,1526.6142484192144,False,1.48210391383712,Trámites
media,sin auto,13894.370377547755,False,1.12721985301036,Trámites
media,sin auto,1015.8119486593287,True,1.48210391383712,Trámites
media,sin auto,1015.8119486593287,True,1.48210391383712,Trámites
media,sin auto,10759.642226250558,False,1.0,Trámites
media,sin auto,1353.7607920997573,True,1.48210391383712,De compras
baja,con auto,38573.84177803141,False,1.0,Visitar a alguien
media,sin auto,3085.640397090408,True,1.14387994007037,Recreación
baja,con auto,8503.43418820679,False,1.12721985301036,Buscar o Dejar a alguien
baja,con auto,5168.97854628108,False,1.5058778792911116,De compras
alta,sin auto,1294.2822395540318,True,1.48210391383712,Trámites
alta,sin auto,1294.2822395540318,True,1.48210391383712,Trámites
baja,sin auto,6302060.8733150195,False,1.14387994007037,Recreación
media,sin auto,9047.517457326347,False,1.12721985301036,Trámites
media,sin auto,2542.587616023536,False,1.0,Visitar a alguien
baja,con auto,4894.25025540174,False,1.48210391383712,De compras
baja,con auto,6417.09802934037,False,1.0,De compras
baja,sin auto,495.5284781485823,True,1.48210391383712,De compras
baja,sin auto,252.22670853817206,True,1.48210391383712,De compras
baja,sin auto,2260.717309595839,False,1.48210391383712,De salud
media,sin auto,6303773.951308617,False,0.817907347175127,Trámites
media,sin auto,12418.52737694426,False,1.5058778792911116,Trámites
media,sin auto,192.43954255574008,True,1.48210391383712,De compras
media,sin auto,2351.4785825973545,True,1.48210391383712,De compras
media,sin auto,742.8644754638965,True,1.48210391383712,De compras
baja,sin auto,3221.864852675582,False,1.14387994007037,Visitar a alguien
baja,con auto,3968.5923769142078,False,1.0,Trámites
alta,con auto,3992.3139438146095,False,1.48210391383712,De compras
baja,sin auto,2882.183070174412,False,1.48210391383712,Trámites
media,con auto,1909.561273902742,False,1.48210391383712,Trámites
media,sin auto,6304514.7885357365,True,1.48210391383712,De compras
baja,con auto,12266.561814901072,False,1.48210391383712,Trámites
baja,sin auto,10.141238906686894,True,1.48210391383712,De compras
baja,sin auto,1002.1985719103088,False,1.48210391383712,De compras
media,sin auto,14920.824842136797,False,1.42042823117339,De salud
media,sin auto,15141.118241739992,False,1.48210391383712,De salud
baja,sin auto,5290.120486872203,False,1.42042823117339,De compras
baja,sin auto,21833.604456490917,False,1.12721985301036,Visitar a alguien
baja,sin auto,1015.9612750986132,True,1.48210391383712,De salud
media,con auto,9681.476295823977,False,1.12721985301036,Trámites
media,sin auto,1123.2755572605781,True,1.48210391383712,De compras
media,con auto,2314.287930655251,False,1.0,De compras
media,sin auto,75.18272013069226,True,1.48210391383712,De compras
media,con auto,2390.7716360256995,False,1.48210391383712,De compras
media,con auto,14013.538709410848,False,1.42042823117339,Recreación
baja,sin auto,1306.7413325353452,False,1.48210391383712,De compras
media,con auto,8058.269670289123,False,1.48210391383712,De salud
baja,sin auto,19455.51094466974,False,1.12721985301036,Recreación
baja,con auto,16245.609485839743,False,1.12721985301036,De salud
baja,con auto,16245.609485839743,False,1.12721985301036,De salud
media,con auto,4722.5581061969215,False,1.0430735418982884,De salud
media,con auto,4722.5581061969215,False,1.0430735418982884,De salud
baja,sin auto,9974.142145570167,False,0.817907347175127,De salud
alta,sin auto,2608.9350948426377,False,1.14387994007037,Buscar o dejar algo
baja,sin auto,6303939.277574348,True,1.14387994007037,Buscar o Dejar a alguien
baja,sin auto,6303939.163949588,True,1.48210391383712,Buscar o Dejar a alguien
alta,con auto,1351.9191888437942,True,1.48210391383712,De compras
media,sin auto,847.3169194074095,True,1.48210391383712,Buscar o Dejar a alguien
media,sin auto,1464.8733923667473,False,1.48210391383712,De compras
media,sin auto,847.3169194074095,True,1.14387994007037,Buscar o Dejar a alguien
media,sin auto,922.8324963969626,True,1.48210391383712,De compras
baja,con auto,1282.671664010806,False,1.48210391383712,De compras
media,sin auto,8989.349823541188,False,1.0,Visitar a alguien
media,sin auto,19471.423992931283,False,1.12721985301036,De salud
baja,sin auto,16762.55324239424,False,1.12721985301036,De salud
baja,sin auto,972.8146507565367,True,1.48210391383712,Trámites
baja,sin auto,2542.1284621678865,False,1.0,De compras
media,sin auto,6303915.768772683,True,1.48210391383712,Buscar o Dejar a alguien
alta,sin auto,13792.392813981056,False,1.0,De salud
alta,sin auto,13790.40009900456,False,1.0,De salud
media,con auto,9211.541660635585,False,1.48210391383712,Trámites
media,con auto,165.894430027239,True,1.48210391383712,De compras
alta,sin auto,6299680.354457222,False,1.14387994007037,De salud
alta,sin auto,457.21088990919986,True,1.48210391383712,De compras
baja,sin auto,2676.6984276634994,False,1.0,Trámites
media,con auto,2743.7143341930205,False,1.48210391383712,De compras
media,sin auto,289.768934077223,True,1.48210391383712,De compras
media,sin auto,289.768934077223,True,1.48210391383712,De compras
media,con auto,1804.4284770824943,True,1.48210391383712,Recreación
media,con auto,1735.4290997203689,True,1.48210391383712,Trámites
baja,con auto,10387.116638533525,False,1.0,Trámites
baja,con auto,5311.654544857586,False,1.5058778792911116,Buscar o Dejar a alguien
baja,con auto,14398.728098973328,False,1.0430735418982884,Recreación
baja,con auto,14398.728098973328,False,1.48210391383712,Buscar o Dejar a alguien
baja,con auto,4449.119969601432,False,1.48210391383712,Trámites
baja,con auto,5311.654544857586,False,1.5058778792911116,Buscar o Dejar a alguien
baja,con auto,14398.728098973328,False,1.0430735418982884,Recreación
baja,con auto,14398.728098973328,False,1.48210391383712,Buscar o Dejar a alguien
baja,con auto,558.6282314532291,True,1.48210391383712,De compras
alta,sin auto,2063.4743910453553,False,1.48210391383712,De salud
alta,sin auto,748.2621558693517,True,1.48210391383712,De compras
media,sin auto,583.4494885284093,True,1.48210391383712,Recreación
media,sin auto,489.3762621711054,True,1.48210391383712,Buscar o dejar algo
alta,sin auto,15024.788618293906,False,1.12721985301036,De salud
alta,sin auto,15024.788618293906,False,1.12721985301036,De salud
baja,sin auto,650.149889568744,True,1.48210391383712,De compras
media,sin auto,15247.43467232813,False,1.0,Trámites
media,sin auto,10388.350613534689,False,0.817907347175127,De salud
media,sin auto,650.8935714894179,True,1.48210391383712,De compras
media,sin auto,2232.237864518265,False,1.0,De compras
baja,sin auto,477.3232421944929,True,1.14387994007037,De salud
baja,sin auto,6020.214237210671,False,1.0,Visitar a alguien
baja,sin auto,6441.58159145827,False,1.48210391383712,Trámites
alta,con auto,11723.854464962664,False,1.0,De salud
media,sin auto,6506.762343014885,False,1.0,Visitar a alguien
media,sin auto,9787.133532610877,False,1.0,De compras
media,sin auto,2455.7965389309024,True,1.48210391383712,De compras
baja,sin auto,6303486.142043213,False,1.0,Trámites
media,sin auto,8151.4900114780585,False,1.12721985301036,Visitar a alguien
baja,sin auto,4816.068505291038,False,1.0,De salud
baja,sin auto,5070.047281680572,False,1.0,De compras
media,sin auto,1217.5380773210186,False,1.48210391383712,De salud
media,sin auto,12710.739650158112,False,1.0,De salud
baja,con auto,6302970.773994923,False,1.48210391383712,De compras
media,con auto,18061.92496759845,False,1.48210391383712,Buscar o dejar algo
media,con auto,3615.4134792546984,False,1.48210391383712,Visitar a alguien
baja,con auto,1054.7891122347928,False,1.14387994007037,De compras
baja,con auto,1054.7891122347928,False,1.14387994007037,Trámites
baja,con auto,1183.9417516453511,False,1.48210391383712,De compras
baja,con auto,2590.746912843138,False,1.48210391383712,De compras
baja,con auto,952.3045326215572,False,1.48210391383712,Recreación
baja,con auto,935.6853651410086,False,1.14387994007037,De compras
baja,con auto,2012.4227013493587,True,1.48210391383712,Buscar o dejar algo
baja,con auto,20418.874898631817,False,1.14387994007037,Trámites
baja,sin auto,6306833.36404393,False,1.48210391383712,Recreación
baja,sin auto,6306833.36404393,False,1.48210391383712,Recreación
baja,con auto,2223.5838901211373,False,1.48210391383712,De compras
baja,con auto,2223.5838901211373,False,1.48210391383712,De compras
baja,sin auto,1467.7909222386716,False,1.0,Trámites
baja,sin auto,201.25427984579608,True,1.48210391383712,De compras
alta,sin auto,2274.8822756714385,False,0.817907347175127,De salud
alta,sin auto,1522.601810853403,False,1.12721985301036,De compras
baja,sin auto,18188.32701795066,False,1.48210391383712,Visitar a alguien
baja,con auto,3334.977319661447,False,1.48210391383712,De salud
baja,con auto,2376.566391351186,False,1.48210391383712,Visitar a alguien
baja,con auto,788.7904110091603,True,1.48210391383712,Visitar a alguien
media,con auto,2185.312348956094,False,1.48210391383712,Trámites
media,sin auto,3339.416822128388,False,1.0,Recreación
media,sin auto,6065.467434278175,False,1.0,Trámites
media,sin auto,2518.3096792541223,False,1.12721985301036,De compras
baja,sin auto,692.7409328168792,True,1.48210391383712,Comer o Tomar algo
baja,con auto,4772.3104484726855,False,0.817907347175127,De salud
baja,con auto,2979.623884513625,False,1.12721985301036,Trámites
media,con auto,4717.253610521334,False,1.48210391383712,Trámites
media,con auto,11482.302215155123,False,1.48210391383712,De compras
baja,con auto,75.9325937201048,True,1.14387994007037,Buscar o Dejar a alguien
baja,con auto,2508.818862914193,False,1.12721985301036,Trámites
baja,con auto,1250.2627864398148,False,1.12721985301036,Trámites
baja,con auto,1940.2044069182505,False,1.12721985301036,Trámites
media,sin auto,6912.084476661147,False,1.0,Trámites
baja,sin auto,1988.1379479301731,False,1.0,Trámites
baja,con auto,6824.043645292105,False,1.0,De salud
baja,con auto,4077.7392797712146,False,1.48210391383712,De compras
baja,con auto,1146.3056288471075,False,1.0,De salud
baja,con auto,3128.7618264109287,False,1.0,De salud
baja,con auto,7837.284538069552,False,1.0,Visitar a alguien
baja,sin auto,1044.1190407654974,False,1.48210391383712,Trámites
baja,con auto,5743.851942869137,False,1.0,Trámites
baja,con auto,5743.851942869137,False,1.0,Trámites
baja,con auto,4672.178691216363,False,1.0,De salud
baja,con auto,6594.564150048247,False,1.0,Visitar a alguien
baja,sin auto,3360.6978912729196,False,1.0,Recreación
baja,sin auto,2841.9934135215726,False,1.0,Trámites
baja,sin auto,12865.70046249426,False,1.0,Visitar a alguien
baja,sin auto,12865.70046249426,False,1.0,Visitar a alguien
baja,con auto,2900.413956345553,False,1.0,De salud
alta,sin auto,7518.377147407814,False,1.12721985301036,Trámites
baja,con auto,762.0926883424352,False,1.48210391383712,De compras
media,sin auto,7448.52908402894,False,1.0,Buscar o Dejar a alguien
media,con auto,843.169948764779,True,1.48210391383712,Trámites
media,con auto,843.169948764779,True,1.48210391383712,Trámites
baja,con auto,3310.35954960428,False,1.48210391383712,De salud
baja,con auto,3780.93183281768,False,1.12721985301036,Trámites
baja,con auto,467.16786748047,True,1.48210391383712,De compras
baja,con auto,1140.2860048477148,True,1.48210391383712,De compras
baja,con auto,340.4563243487518,True,1.48210391383712,De compras
baja,con auto,966.0662912562277,True,1.48210391383712,Comer o Tomar algo
baja,con auto,2565.9767361282843,False,1.48210391383712,Trámites
baja,con auto,974.4071354546825,False,1.48210391383712,Trámites
baja,con auto,1307.437119439808,False,1.48210391383712,Trámites
baja,con auto,1072.5314844591976,False,1.48210391383712,De compras
baja,con auto,1308.5628899346268,False,1.48210391383712,Trámites
baja,con auto,1070.7327883751213,False,1.48210391383712,Trámites
baja,sin auto,1509.7022885324113,True,1.48210391383712,Trámites
baja,sin auto,982.3808059258703,True,1.48210391383712,De compras
baja,sin auto,1509.7022885324113,True,1.48210391383712,Trámites
baja,sin auto,982.3808059258703,True,1.48210391383712,De compras
baja,sin auto,860.1035638950696,True,1.48210391383712,De compras
baja,sin auto,201.30528161538635,True,1.48210391383712,De compras
baja,con auto,1240.4345985033078,False,1.48210391383712,De salud
baja,con auto,997.6718802612723,False,1.48210391383712,Trámites
baja,con auto,2905.5425296494222,False,1.0,Trámites
baja,con auto,935.6853651410086,True,1.48210391383712,De compras
baja,sin auto,9108.947567641339,False,1.0,Visitar a alguien
baja,con auto,1045.9749115657603,True,1.48210391383712,Trámites
baja,con auto,12038.937369117719,False,1.12721985301036,Visitar a alguien
baja,con auto,7157.578281272169,False,1.12721985301036,Visitar a alguien
baja,con auto,3749.5441620084384,False,0.817907347175127,Buscar o Dejar a alguien
baja,con auto,5387.5379088899745,False,1.0430735418982884,De salud
baja,con auto,3678.121057771889,False,1.12721985301036,Trámites
media,sin auto,5206.827483353587,False,1.0,De salud
media,sin auto,1252.9541342363655,False,1.48210391383712,Recreación
media,sin auto,2361.378387854221,False,1.0,Trámites
baja,con auto,1675.9567559610728,False,1.0,De salud
baja,con auto,1729.8739073561294,False,1.48210391383712,De compras
baja,con auto,1604.6734435241217,False,1.0,De salud
baja,con auto,6306363.236404719,False,1.48210391383712,De compras
baja,con auto,6301116.525265746,False,1.48210391383712,De compras
baja,con auto,4833.380762743222,False,1.14387994007037,Trámites
baja,con auto,904.206221293019,False,1.48210391383712,Trámites
baja,con auto,6306363.236404719,False,1.48210391383712,De compras
baja,con auto,6301116.525265746,False,1.48210391383712,De compras
baja,con auto,4833.380762743222,False,1.14387994007037,Trámites
baja,con auto,904.206221293019,False,1.48210391383712,Trámites
baja,con auto,1000.5809015891718,True,1.48210391383712,Trámites
baja,con auto,823.8494344387208,True,1.48210391383712,Trámites
baja,con auto,1671.6826854928427,False,1.14387994007037,De compras
baja,sin auto,5172.037583547223,False,1.0,Trámites
baja,sin auto,5248.89712820703,False,1.0,De compras
baja,sin auto,633.3117351717478,True,1.48210391383712,De compras
baja,sin auto,4563.102577609785,False,0.817907347175127,De salud
baja,con auto,4238.028393033281,False,1.0,De compras
baja,con auto,3462.3177931808286,False,1.0,Visitar a alguien
baja,sin auto,4328.564688857613,False,1.0,Trámites
baja,sin auto,3760.0278443949055,False,1.12721985301036,De salud
baja,sin auto,3762.5093210017435,False,1.12721985301036,De salud
baja,con auto,2483.7947160355766,False,1.0,Visitar a alguien
baja,con auto,2201.219695853656,False,1.42042823117339,De salud
baja,sin auto,6985.006963089877,False,1.12721985301036,Visitar a alguien
media,sin auto,5370.642809615676,False,1.0,Trámites
media,sin auto,620.0268021235554,False,1.48210391383712,De compras
media,sin auto,1626.5845783804173,False,1.48210391383712,Trámites
baja,sin auto,3288.0841176951453,False,1.0,Trámites
baja,sin auto,7785.780657975253,False,1.0,Visitar a alguien
baja,con auto,7875.957133364907,False,1.0,Trámites
baja,con auto,1634.4644382794017,False,1.12721985301036,De compras
baja,con auto,1529.0086044558416,False,1.12721985301036,De compras
baja,sin auto,7486.172050698291,False,1.12721985301036,De salud
baja,sin auto,457.87314977956777,True,1.48210391383712,De compras
media,con auto,2138.719331494025,False,1.0,Recreación
alta,con auto,7150.038943294295,False,1.5058778792911116,Recreación
alta,con auto,2115.5653040414663,False,1.48210391383712,Trámites
alta,sin auto,2785.789733356874,False,1.0,Visitar a alguien
baja,con auto,6181.35519627371,False,1.5058778792911116,Buscar o Dejar a alguien
baja,con auto,8416.300039070391,False,1.5058778792911116,Buscar o Dejar a alguien
baja,con auto,585.6773889320383,False,1.48210391383712,De compras
baja,con auto,2407.815880919106,False,1.48210391383712,Buscar o Dejar a alguien
media,con auto,565.2692398110502,True,1.48210391383712,Buscar o dejar algo
media,con auto,555.7611132843522,True,1.48210391383712,Buscar o dejar algo
baja,con auto,303.68995194780894,True,1.48210391383712,De compras
baja,con auto,292.2341272956497,True,1.48210391383712,De compras
baja,con auto,2521.6673930965303,False,1.14387994007037,De compras
baja,sin auto,2866.962352195482,False,1.0,Visitar a alguien
baja,sin auto,246.56509821191239,True,1.48210391383712,De compras
baja,sin auto,10271.398078799402,False,1.42042823117339,De salud
baja,sin auto,3040.6970946296283,False,1.14387994007037,De salud
baja,sin auto,1549.9827620009198,True,1.48210391383712,De salud
baja,con auto,6053.524593160583,False,0.817907347175127,Trámites
alta,sin auto,346.6740690565852,True,1.48210391383712,De compras
alta,sin auto,2940.853310909788,False,0.817907347175127,De salud
alta,sin auto,2940.853310909788,False,0.817907347175127,Buscar o dejar algo
baja,con auto,4875.461741053514,False,1.48210391383712,Recreación
baja,con auto,4875.461741053514,False,1.48210391383712,Recreación
baja,con auto,3920.163449363631,False,1.42042823117339,Visitar a alguien
baja,con auto,505.31890070157675,True,1.48210391383712,De compras
baja,con auto,3162.8893294195814,False,1.14387994007037,De compras
baja,con auto,1322.7551738700552,False,1.48210391383712,Comer o Tomar algo
media,sin auto,723.9540630119859,True,1.48210391383712,De compras
media,sin auto,1292.4671239925458,False,1.0,Recreación
baja,con auto,1266.8457203233402,True,1.48210391383712,Comer o Tomar algo
baja,con auto,1846.7016976643115,False,1.0,De compras
baja,con auto,3456.190272003129,False,1.48210391383712,Comer o Tomar algo
baja,con auto,3239.86575378349,False,1.48210391383712,De salud
baja,con auto,7984.8745176427165,False,1.5058778792911116,De compras
baja,con auto,5762.187123505194,False,1.48210391383712,De salud
baja,con auto,5171.564648165606,False,1.48210391383712,De salud
media,con auto,6306641.760032287,True,1.48210391383712,De compras
baja,con auto,1891.946517736842,False,1.14387994007037,De salud
baja,con auto,1884.243913610062,False,1.14387994007037,De compras
baja,con auto,1603.5203268049215,False,1.48210391383712,Buscar o Dejar a alguien
baja,con auto,1458.3327384299382,False,1.48210391383712,Trámites
baja,con auto,1863.7795271910684,False,1.14387994007037,De compras
baja,con auto,1556.9950629262003,False,1.48210391383712,Buscar o Dejar a alguien
baja,con auto,1151.9182477129452,False,1.48210391383712,Trámites
baja,con auto,2186.1113058583187,False,0.817907347175127,De compras
baja,con auto,1539.6380284953545,False,1.12721985301036,De salud
baja,con auto,4165.327089872415,False,1.48210391383712,Buscar o Dejar a alguien
baja,con auto,3306.0573421243107,False,1.0430735418982884,Buscar o Dejar a alguien
baja,con auto,7109.178025911404,False,1.0430735418982884,Buscar o Dejar a alguien
baja,con auto,6509.321509621797,False,1.48210391383712,De compras
baja,con auto,2828.4453701484254,False,1.48210391383712,De compras
baja,sin auto,2638.1435182067426,False,1.48210391383712,Trámites
baja,sin auto,5304.439084389602,False,1.0,De salud
baja,sin auto,3453.6965703431447,False,1.48210391383712,De compras
baja,con auto,1288.0993750483694,False,1.0,Trámites
baja,con auto,5001.734199255295,False,1.0,Trámites
baja,con auto,1172.806036819388,False,1.12721985301036,Trámites
baja,sin auto,4181.169991760679,False,1.0,Buscar o Dejar a alguien
baja,sin auto,4181.169991760679,False,1.0,De salud
baja,sin auto,3170.861591957549,False,1.0,De salud
baja,con auto,1868.1407242563394,False,1.14387994007037,De compras
media,sin auto,6894.3881915044685,False,1.12721985301036,Trámites
media,sin auto,835.3885908104384,True,1.48210391383712,Comer o Tomar algo
media,sin auto,913.3804405074386,True,1.48210391383712,Trámites
media,sin auto,2054.941700055016,False,1.0,Trámites
media,sin auto,3517.6842524592794,False,1.0,Recreación
media,sin auto,3026.2428257866222,False,1.48210391383712,De salud
baja,con auto,7341.954191667166,False,1.48210391383712,De compras
baja,con auto,1185.569885793985,False,1.48210391383712,De compras
baja,con auto,2254.5486558514463,False,1.48210391383712,De compras
baja,con auto,2803.5498145208694,False,1.14387994007037,Recreación
baja,con auto,860.4275196677304,False,1.48210391383712,Buscar o Dejar a alguien
baja,con auto,5750.9822218143745,True,1.48210391383712,Trámites
baja,con auto,8066.246142357767,False,1.48210391383712,De compras
baja,sin auto,6755.278059786959,False,1.0,Trámites
baja,sin auto,5916.127919720803,False,1.0,Trámites
media,sin auto,1151.32282614391,True,1.48210391383712,Trámites
media,sin auto,1151.32282614391,True,1.48210391383712,Trámites
baja,con auto,887.9790262030756,False,1.48210391383712,De compras
media,con auto,1618.6820210750357,True,1.48210391383712,Buscar o Dejar a alguien
media,con auto,1250.0808864454532,True,1.48210391383712,Buscar o Dejar a alguien
baja,con auto,5923.469309463521,False,1.0,Visitar a alguien
baja,sin auto,802.977560031451,False,1.0,De salud
baja,sin auto,5223.7642745714575,False,0.817907347175127,De salud
baja,sin auto,1225.4958311746975,False,1.0,Trámites
baja,sin auto,363.8374156667542,True,1.48210391383712,De compras
baja,sin auto,19007.02694441256,False,1.0,Visitar a alguien
baja,sin auto,5249.499452328765,False,1.0,Trámites
baja,sin auto,5583.233723001757,False,1.0,De compras
baja,con auto,1614.0884859960436,False,1.0,De compras
baja,con auto,1614.0884859960436,False,1.0,De compras
baja,con auto,2211.1177179200567,False,1.0,De compras
baja,con auto,724.5191461680378,True,1.48210391383712,Buscar o Dejar a alguien
alta,con auto,1715.6981931677444,False,1.48210391383712,Trámites
alta,con auto,2634.4647589987326,False,1.14387994007037,Visitar a alguien
baja,con auto,1002.0414791696811,False,1.48210391383712,De compras
baja,con auto,2634.309575292274,False,1.48210391383712,Visitar a alguien
baja,con auto,6845.182213223148,False,1.12721985301036,Trámites
baja,con auto,9618.19239469695,False,1.48210391383712,Buscar o Dejar a alguien
baja,con auto,1284.6455311193824,False,1.14387994007037,Recreación
baja,con auto,3627.6190560235236,False,1.48210391383712,Visitar a alguien
baja,con auto,4311.17396925293,False,1.48210391383712,Visitar a alguien
baja,con auto,3196.981547589069,False,1.12721985301036,Trámites
baja,con auto,1104.3148615664659,False,1.48210391383712,De compras
baja,con auto,1247.3160576438715,False,1.48210391383712,Trámites
baja,con auto,750.5601924822969,True,1.48210391383712,Recreación
baja,con auto,92981.70947727519,False,1.48210391383712,Visitar a alguien
baja,con auto,92981.70947727519,False,1.48210391383712,Visitar a alguien
baja,con auto,1936.6474989414696,False,1.48210391383712,De compras
baja,con auto,2235.6610077562214,False,1.48210391383712,Trámites
baja,con auto,1936.6474989414696,False,1.48210391383712,De compras
baja,con auto,2236.511792949011,False,1.48210391383712,Trámites
baja,con auto,5115.731506603553,False,1.48210391383712,De salud
baja,sin auto,3065.649852090907,False,1.12721985301036,De compras
baja,sin auto,2688.7097742225733,False,1.0,Trámites
baja,con auto,4606.160470742044,False,1.0,Buscar o dejar algo
baja,con auto,10828.832049110908,False,1.0,Visitar a alguien
baja,con auto,5347.597805560836,False,1.0430735418982884,Buscar o Dejar a alguien
media,con auto,1741.436229553515,False,1.48210391383712,De compras
media,con auto,4623.993076622872,False,1.48210391383712,Buscar o Dejar a alguien
media,con auto,6897.168604987484,False,1.48210391383712,De compras
media,con auto,5662.084240048557,False,1.48210391383712,Buscar o Dejar a alguien
media,con auto,2514.509383837382,False,1.48210391383712,Comer o Tomar algo
media,con auto,2866.133736364471,False,1.12721985301036,De salud
media,sin auto,703.478317479695,True,1.48210391383712,De compras
baja,sin auto,1070.138690266944,False,1.0,Visitar a alguien
alta,sin auto,10824.224890155241,False,1.0,Visitar a alguien
alta,sin auto,4175.051246410785,False,1.0,De salud
alta,sin auto,443.15481652155154,True,1.48210391383712,Recreación
alta,sin auto,1881.2975287289255,False,1.0,Trámites
alta,sin auto,298.59186616360216,True,1.48210391383712,Trámites
alta,sin auto,701.928777575804,True,1.48210391383712,De salud
alta,sin auto,6303417.3081158325,True,1.48210391383712,De compras
media,sin auto,1236.4451347670315,False,1.48210391383712,Trámites
alta,sin auto,17156.776858144312,False,1.48210391383712,De salud
media,sin auto,1747.513487966545,True,1.48210391383712,De compras
media,sin auto,1747.5447354900712,True,1.48210391383712,De compras
alta,sin auto,289.92515871557265,True,1.48210391383712,De compras
alta,sin auto,7422.463984261308,False,1.0,Visitar a alguien
alta,sin auto,2839.1160295242535,False,1.0,Trámites
media,sin auto,185.01533139597512,True,1.48210391383712,Visitar a alguien
media,sin auto,1323.522499115169,False,1.48210391383712,Trámites
media,sin auto,182.9193197534435,True,1.48210391383712,Visitar a alguien
alta,sin auto,2331.730621535483,False,1.0,De salud
media,sin auto,2472.2297153834634,False,1.48210391383712,De compras
media,sin auto,6649.8813267724,False,1.0,Trámites
media,sin auto,6649.511344314262,False,1.0,De compras
media,sin auto,253.72379790827662,True,1.48210391383712,De compras
media,sin auto,587.9549435330908,True,1.48210391383712,De salud
media,sin auto,1299.4741785141405,True,1.48210391383712,De salud
media,sin auto,173.36514256404024,True,1.48210391383712,De compras
alta,sin auto,6962.022932488803,False,1.0,Visitar a alguien
alta,sin auto,3055.2441602769245,False,1.48210391383712,De salud
media,sin auto,2799.4463745366243,False,1.48210391383712,De salud
alta,con auto,6603.805973005382,False,1.0,De compras
alta,con auto,3844.2171851498665,False,1.0,De salud
alta,con auto,6603.805973005382,False,1.0,De compras
alta,sin auto,195.19758619473245,True,1.48210391383712,De compras
baja,con auto,497.46684876984517,True,1.48210391383712,De compras
alta,sin auto,3449.3484308860784,False,1.48210391383712,De salud
alta,sin auto,4426.221893884925,False,1.0,De compras
alta,sin auto,2763.786469576487,False,0.817907347175127,De salud
media,sin auto,6303856.084839145,True,1.48210391383712,De compras
media,sin auto,1962.5197135255896,True,1.48210391383712,De compras
alta,sin auto,488.2602015463297,True,1.48210391383712,De compras
alta,sin auto,481.3079114912433,True,1.48210391383712,Trámites
alta,sin auto,2176.50899611195,False,1.0,Trámites
alta,sin auto,2249.1879958387203,False,1.0,Trámites
alta,sin auto,979.3943166769259,True,1.48210391383712,De compras
media,sin auto,2880.8718298459585,False,1.0,De salud
alta,sin auto,10635.538065439203,False,1.12721985301036,De salud
alta,sin auto,5259.295622637033,False,1.0,De salud
media,sin auto,1322.6946985699308,True,1.48210391383712,De compras
alta,con auto,6302994.011174683,True,1.48210391383712,De compras
alta,sin auto,138.07132724157466,True,1.48210391383712,De compras
media,con auto,799.6738989904338,False,1.48210391383712,Buscar o Dejar a alguien
media,con auto,1897.0496171687234,False,1.48210391383712,De salud
media,sin auto,5458.159913434655,False,0.817907347175127,Trámites
media,sin auto,2262.9183901822444,False,1.0,De compras
media,sin auto,1186.4564427845635,True,1.48210391383712,De compras
media,con auto,973.2252517403152,True,1.48210391383712,Trámites
media,con auto,2134.4738229775885,False,1.0,Trámites
baja,sin auto,1137.3174239637597,True,1.14387994007037,De salud
media,sin auto,9636.800780457515,False,1.0,De salud
media,sin auto,753.0977692172511,True,1.48210391383712,De compras
media,con auto,753.0977692172511,True,1.48210391383712,De compras
alta,sin auto,1802.3338385618242,False,1.0,De salud
alta,sin auto,1802.3338385618242,False,1.0,De salud
alta,sin auto,1187.9269117484669,True,1.48210391383712,Trámites
alta,sin auto,8345.986948265914,False,0.817907347175127,De salud
alta,sin auto,9894.382454566156,False,1.0,De compras
alta,sin auto,11130.880929451407,False,1.12721985301036,Trámites
baja,sin auto,676.0665647700675,True,1.48210391383712,Recreación
baja,sin auto,426.37258249278,False,1.48210391383712,De salud
baja,sin auto,1500.771307228907,False,1.0,De salud
baja,sin auto,12065.336190534643,False,1.48210391383712,Trámites
alta,con auto,1830.2756665663783,False,1.0,Trámites
baja,sin auto,170.62185207718852,True,1.48210391383712,De compras
baja,sin auto,8678.571930560134,False,0.817907347175127,Trámites
baja,sin auto,907.4456616824227,True,1.48210391383712,Trámites
baja,sin auto,776.8684841088372,True,1.48210391383712,De salud
baja,sin auto,596.6111360478029,True,1.48210391383712,Trámites
media,sin auto,3031.647583623311,False,1.12721985301036,Trámites
media,sin auto,263.98771870107896,True,1.48210391383712,De compras
media,sin auto,1814.4222934005916,True,1.48210391383712,De compras
baja,con auto,7048.545755375714,False,1.48210391383712,Trámites
baja,con auto,5299.216176654248,False,1.0,De salud
alta,con auto,11906.655309087186,False,1.12721985301036,Trámites
media,con auto,588.2299720347477,True,1.48210391383712,Trámites
baja,sin auto,106.77914195314551,True,1.48210391383712,De compras
baja,sin auto,1134.479609932044,True,1.48210391383712,Trámites
media,sin auto,11246.84268303394,False,1.12721985301036,Visitar a alguien
baja,sin auto,4598.231348590048,False,1.0,Trámites
alta,sin auto,4386.770404192765,False,1.0,Trámites
baja,con auto,1794.3079513879613,False,1.0,De salud
alta,sin auto,9326.974107027641,False,1.0,Trámites
alta,sin auto,761.8687762512403,False,1.0,Trámites
alta,sin auto,6242.2057800107805,False,1.0,Visitar a alguien
baja,con auto,1818.9122846949115,False,1.48210391383712,De compras
baja,con auto,1818.9122846949115,False,1.48210391383712,De compras
alta,sin auto,10819.627216070181,False,1.12721985301036,Trámites
alta,con auto,4324.360889488649,False,1.48210391383712,Trámites
alta,con auto,472.47702593783595,True,1.48210391383712,De compras
media,con auto,191.45300704415692,False,1.48210391383712,De compras
media,con auto,2112.711206388976,False,1.14387994007037,Buscar o Dejar a alguien
media,con auto,2112.711206388976,False,1.48210391383712,De compras
alta,sin auto,7314.638030456569,False,1.0,Trámites
baja,con auto,11190.50511664353,False,1.0,De salud
baja,con auto,2485.5136920718346,False,1.0,Trámites
alta,sin auto,7584.151979621716,False,1.0,De salud
alta,sin auto,7217.042766802173,False,1.0,De compras
baja,sin auto,545.9125325215226,False,1.48210391383712,De compras
media,sin auto,3944.542026376644,False,1.0,Trámites
baja,sin auto,13655.886617590964,False,1.0,Trámites
baja,con auto,1947.9432031392112,False,1.48210391383712,Trámites
baja,con auto,398.161361418411,True,1.48210391383712,De compras
media,con auto,7751.510256072684,False,1.12721985301036,De salud
media,con auto,265.57720158176227,True,1.48210391383712,De compras
alta,sin auto,9083.698421711366,False,1.0,Buscar o Dejar a alguien
alta,sin auto,9083.698421711366,False,1.0,Trámites
alta,sin auto,12591.827245436074,False,1.0,Trámites
alta,sin auto,6940.702988150881,False,1.0,Trámites
media,sin auto,8032.117823310305,False,1.0,Trámites
baja,con auto,8945.330437754941,False,1.0,De salud
media,sin auto,4292.004150274853,False,1.0,De salud
baja,con auto,1583.0282913735505,True,1.48210391383712,Trámites
alta,sin auto,5454.906459100748,False,1.12721985301036,De compras
baja,sin auto,13061.623413320653,False,1.0,Trámites
alta,sin auto,2940.6552231775763,False,1.0,Trámites
baja,con auto,1465.1844970349512,False,1.0430735418982884,Buscar o Dejar a alguien
baja,con auto,1465.1844970349512,False,1.48210391383712,Buscar o Dejar a alguien
media,sin auto,894.9211344660838,False,1.0430735418982884,De salud
alta,sin auto,151.29333379750247,True,1.48210391383712,De compras
baja,sin auto,1113.6801329271177,True,1.48210391383712,De compras
baja,sin auto,1290.8578607273391,True,1.48210391383712,De compras
alta,sin auto,130.85589640898877,True,1.48210391383712,De compras
media,sin auto,1993.8257805445446,False,1.0,Trámites
baja,sin auto,11125.768831974672,False,1.0,Trámites
baja,con auto,2761.625678948,False,1.48210391383712,Comer o Tomar algo
baja,con auto,1313.6417072993115,False,1.14387994007037,De compras
media,sin auto,7342.880982691778,False,1.0,Trámites
media,con auto,7716.411447932845,False,0.817907347175127,De salud
baja,con auto,38779.74989928347,False,1.48210391383712,Recreación
baja,con auto,38779.74989928347,False,1.48210391383712,Recreación
baja,con auto,4206.05148119944,False,1.12721985301036,Trámites
baja,con auto,3357.335276697317,False,1.48210391383712,Trámites
baja,con auto,2121.509475373976,False,1.48210391383712,De compras
baja,con auto,1095.3433126907062,True,1.48210391383712,Trámites
baja,con auto,6090.661245723345,False,1.48210391383712,Visitar a alguien
media,con auto,5764.637489957629,False,1.5058778792911116,Buscar o Dejar a alguien
media,con auto,5208.940474622845,False,1.5058778792911116,Buscar o Dejar a alguien
media,con auto,1640.2554658235597,False,1.0430735418982884,Buscar o Dejar a alguien
media,con auto,697.9516906634727,False,1.48210391383712,Buscar o Dejar a alguien
media,con auto,2186.62057702098,False,1.48210391383712,Buscar o Dejar a alguien
media,con auto,2874.507562616432,False,1.14387994007037,Buscar o Dejar a alguien
media,con auto,2785.644784993963,False,1.14387994007037,Buscar o Dejar a alguien
media,con auto,5760.2970695183385,True,1.48210391383712,De compras
baja,con auto,4875.784414856367,False,1.48210391383712,De compras
baja,con auto,6682.07296147685,False,1.48210391383712,Buscar o Dejar a alguien
baja,con auto,2993.653338731791,False,1.48210391383712,De compras
baja,con auto,1877.0043547249031,False,1.12721985301036,Buscar o dejar algo
baja,con auto,6352.843546704597,False,1.48210391383712,De compras
baja,con auto,1920.6588207341933,False,1.48210391383712,Trámites
baja,con auto,1019.0025266966037,False,1.48210391383712,De compras
baja,sin auto,695.2700127468464,False,1.0430735418982884,De salud
baja,sin auto,695.2700127468464,False,1.0430735418982884,De salud
baja,sin auto,2352.0310340961837,False,1.12721985301036,De compras
baja,sin auto,359.39283787251867,True,1.48210391383712,De compras
baja,con auto,598.837705606661,True,1.48210391383712,Buscar o Dejar a alguien
media,con auto,752.1759710375292,True,1.48210391383712,Trámites
media,con auto,340.22800833595403,True,1.48210391383712,De compras
baja,con auto,544.7515354283662,True,1.48210391383712,Trámites
baja,con auto,3936.131557840134,False,1.0,Trámites
media,sin auto,2484.113934592989,False,1.48210391383712,De salud
media,sin auto,2312.6152538846577,False,1.48210391383712,Trámites
baja,con auto,1779.3713714509015,False,1.48210391383712,Buscar o Dejar a alguien
baja,con auto,545.6206194340189,False,1.48210391383712,Trámites
baja,con auto,1477.1774605645728,False,1.48210391383712,Trámites
baja,con auto,1561.9559981123227,False,1.48210391383712,Visitar a alguien
baja,con auto,1779.358561567904,False,1.14387994007037,Buscar o Dejar a alguien
baja,con auto,6817.175147034992,False,1.48210391383712,De compras
baja,sin auto,762.9485521082418,True,1.48210391383712,Trámites
baja,sin auto,1503.6326017270849,False,1.48210391383712,Recreación
baja,con auto,851.2062603483658,True,1.48210391383712,De compras
baja,con auto,851.2062603483658,True,1.48210391383712,De compras
baja,sin auto,173.0293056825924,True,1.48210391383712,De compras
alta,con auto,1162.5395595587543,False,1.0430735418982884,Buscar o Dejar a alguien
alta,con auto,1395.813746753126,False,1.48210391383712,Buscar o Dejar a alguien
alta,con auto,1162.5395595587543,False,1.48210391383712,Buscar o Dejar a alguien
alta,con auto,3036.843426981378,False,1.48210391383712,Buscar o dejar algo
baja,con auto,4261.929230480605,False,1.0,Trámites
baja,con auto,1122.7317846022931,False,1.0,De compras
baja,sin auto,2864.632650560321,False,1.0,Trámites
baja,sin auto,1575.6186362549988,True,1.48210391383712,Comer o Tomar algo
baja,con auto,2975.8086512587215,False,1.48210391383712,Visitar a alguien
alta,con auto,994.3578648940041,False,1.0430735418982884,Buscar o Dejar a alguien
alta,con auto,743.1902935991562,False,1.0430735418982884,Buscar o Dejar a alguien
alta,con auto,134.82269896515942,False,1.0430735418982884,Buscar o Dejar a alguien
alta,con auto,1703.664252072298,True,1.48210391383712,Trámites
alta,con auto,994.3578648940041,False,1.48210391383712,Buscar o Dejar a alguien
alta,con auto,994.3578648940041,False,1.48210391383712,Comer o Tomar algo
alta,con auto,994.3578648940041,False,1.48210391383712,Buscar o Dejar a alguien
baja,con auto,3215.527345607803,False,1.0430735418982884,Buscar o Dejar a alguien
baja,con auto,6972.738343004132,False,1.48210391383712,Buscar o Dejar a alguien
baja,con auto,5426.589110933888,False,1.48210391383712,Trámites
baja,con auto,5201.948975203909,False,1.48210391383712,Trámites
baja,con auto,249.89949737657037,False,1.48210391383712,Buscar o Dejar a alguien
baja,con auto,3659.5673157460246,False,1.14387994007037,Visitar a alguien
baja,con auto,1542.6809510075511,True,1.48210391383712,Buscar o dejar algo
baja,con auto,1542.6809510075511,True,1.48210391383712,Visitar a alguien
baja,con auto,1603.5603953098398,False,1.48210391383712,Buscar o dejar algo
baja,con auto,1603.5603953098398,False,1.48210391383712,Visitar a alguien
baja,con auto,7677.819470162492,False,1.48210391383712,Buscar o Dejar a alguien
baja,con auto,6639.788995906139,False,1.48210391383712,Visitar a alguien
baja,con auto,646.8413525367425,True,1.48210391383712,De compras
baja,con auto,677.2919537577573,True,1.48210391383712,Visitar a alguien
baja,con auto,2287.234127522052,False,1.48210391383712,De compras
alta,con auto,5972.157459633516,False,1.48210391383712,De salud
baja,con auto,620.7528978234818,True,1.14387994007037,Trámites
baja,con auto,613.811707692188,True,1.14387994007037,Trámites
baja,con auto,183.82566734969984,True,1.48210391383712,Trámites
baja,con auto,424.8459566879065,False,1.48210391383712,De compras
baja,con auto,1906.3118227679856,False,1.48210391383712,De salud
baja,con auto,7837.635478294777,False,1.48210391383712,Buscar o dejar algo
baja,con auto,3275.9153354682794,False,1.48210391383712,De salud
baja,con auto,3275.9153354682794,False,1.48210391383712,Buscar o Dejar a alguien
baja,sin auto,511.14522535797005,True,1.48210391383712,Recreación
baja,sin auto,2694.2605347481826,False,1.48210391383712,Buscar o Dejar a alguien
baja,sin auto,2694.2605347481826,False,1.48210391383712,De salud
baja,con auto,872.3021136848531,False,1.48210391383712,De compras
baja,con auto,3472.8703996118256,False,1.14387994007037,Recreación
baja,con auto,10825.910620618712,False,1.48210391383712,De compras
baja,con auto,1035.7717651172302,False,1.48210391383712,Visitar a alguien
baja,con auto,19328.76547766631,False,1.48210391383712,Buscar o Dejar a alguien
baja,con auto,19328.76547766631,False,1.14387994007037,Buscar o Dejar a alguien
baja,con auto,5265.269514706726,False,1.48210391383712,Trámites
baja,con auto,1653.2028434531446,False,1.0,Trámites
baja,con auto,726.2908934538988,True,1.48210391383712,Trámites
baja,con auto,3565.9683472944976,False,1.48210391383712,Trámites
baja,con auto,2277.0723013608945,False,1.0,Trámites
baja,con auto,1608.5692427710603,False,1.48210391383712,Visitar a alguien
baja,con auto,1299.866859543339,False,1.14387994007037,Visitar a alguien
baja,con auto,2540.3450677962164,False,1.48210391383712,Trámites
baja,con auto,6774.679300816109,False,1.48210391383712,De compras
baja,con auto,7804.339704775739,False,1.14387994007037,Buscar o Dejar a alguien
baja,con auto,10163.212761174798,False,1.12721985301036,Trámites
media,con auto,549.2665786428868,True,1.48210391383712,Trámites
media,con auto,2026.054355385502,False,1.0,Trámites
media,con auto,4256.639145664834,False,1.12721985301036,Trámites
baja,con auto,2305.8517222577566,False,1.48210391383712,De compras
baja,con auto,9891.805826036012,False,1.12721985301036,Trámites
baja,con auto,1756.6761271290163,False,1.48210391383712,Buscar o Dejar a alguien
baja,con auto,595.3844485721495,False,1.48210391383712,De compras
baja,con auto,3041.4238353588707,False,1.14387994007037,Buscar o Dejar a alguien
alta,sin auto,814.6057526353239,False,1.14387994007037,Visitar a alguien
baja,sin auto,6309735.486397025,True,1.48210391383712,Trámites
baja,sin auto,622.6050872957612,True,1.48210391383712,Trámites
baja,sin auto,13140.649844841257,False,1.12721985301036,Visitar a alguien
baja,sin auto,2101.414010785729,False,1.48210391383712,Visitar a alguien
baja,con auto,2312.7803960074225,False,1.0,De compras
baja,con auto,754.8898725817975,False,1.12721985301036,De compras
baja,sin auto,1766.597256921923,False,1.12721985301036,Trámites
baja,sin auto,1252.698166474695,True,1.48210391383712,De compras
baja,sin auto,1766.597256921923,False,1.12721985301036,Trámites
baja,sin auto,1408.5076377588443,False,1.0,De compras
baja,sin auto,1892.7697094077669,False,1.0,Trámites
baja,sin auto,5119.374141683636,False,1.14387994007037,Recreación
baja,con auto,9257.853507293146,False,1.48210391383712,Recreación
baja,con auto,5028.523742832141,False,1.48210391383712,Recreación
baja,sin auto,14215.440542329316,False,1.0,Visitar a alguien
baja,sin auto,620.9710263973674,True,1.48210391383712,De compras
baja,con auto,3012.6082352184876,False,1.0430735418982884,Trámites
baja,con auto,1439.0350855830661,False,1.48210391383712,Buscar o Dejar a alguien
baja,con auto,1439.0350855830661,False,1.14387994007037,Buscar o Dejar a alguien
baja,con auto,3416.485265779594,False,1.12721985301036,De compras
baja,con auto,6472.024730960479,False,1.14387994007037,Visitar a alguien
baja,con auto,6472.024730960479,False,1.14387994007037,Visitar a alguien
baja,sin auto,1759.8817057302638,False,1.12721985301036,Trámites
alta,con auto,528.8538840398759,True,1.48210391383712,Recreación
alta,con auto,3229.147551623532,False,1.12721985301036,De compras
alta,con auto,487.86564812968743,True,1.48210391383712,Trámites
alta,con auto,1921.5309735277656,False,1.12721985301036,Trámites
baja,con auto,2083.550926162848,False,1.48210391383712,Trámites
baja,con auto,524.8490640546694,False,1.14387994007037,Visitar a alguien
baja,con auto,2765.3540015531917,False,1.12721985301036,De salud
baja,con auto,1374.0946166931155,False,1.48210391383712,Trámites
baja,con auto,898.0868554878198,False,1.48210391383712,Buscar o Dejar a alguien
baja,con auto,378.66153179860044,True,1.48210391383712,De compras
baja,con auto,726.8273583108045,True,1.48210391383712,Buscar o Dejar a alguien
baja,con auto,723.8691180040768,True,1.48210391383712,De compras
baja,con auto,6579.156130585821,False,1.14387994007037,Visitar a alguien
baja,con auto,1884.7985720565905,False,1.48210391383712,De salud
baja,con auto,1184.287232895804,False,1.48210391383712,De salud
baja,con auto,1907.5228294116332,False,1.48210391383712,Buscar o dejar algo
baja,con auto,154.70425729941144,True,1.48210391383712,De compras
baja,con auto,374.39318742341254,False,1.12721985301036,Trámites
baja,con auto,92.19815616377586,False,1.48210391383712,De compras
baja,sin auto,533.6828421230746,True,1.48210391383712,De compras
baja,sin auto,2208.560728882967,False,1.48210391383712,Visitar a alguien
baja,con auto,1066.1873630671405,True,1.48210391383712,Trámites
baja,con auto,1090.3551618194183,True,1.48210391383712,Trámites
baja,con auto,265.77440651095435,False,1.48210391383712,Buscar o Dejar a alguien
baja,con auto,1183.5194337229955,False,1.48210391383712,De salud
baja,con auto,2349.3352658584618,False,1.48210391383712,Trámites
baja,con auto,105.35245903632246,True,1.48210391383712,Trámites
baja,con auto,2349.3352658584618,False,1.48210391383712,Trámites
baja,con auto,105.35245903632246,True,1.48210391383712,Trámites
baja,con auto,271.86728616930446,True,1.48210391383712,De compras
baja,con auto,2349.3352658584618,False,1.48210391383712,Trámites
baja,con auto,105.35245903632246,True,1.48210391383712,Trámites
baja,con auto,378.6691552022194,False,1.0430735418982884,De compras
baja,con auto,648.7449007807787,True,1.48210391383712,Trámites
baja,con auto,5444.1514719926745,False,1.12721985301036,Trámites
baja,con auto,138.3211983256724,True,1.48210391383712,De compras
baja,sin auto,3965.995267510296,False,1.48210391383712,Visitar a alguien
baja,sin auto,2726.3682618850416,False,1.14387994007037,De compras
baja,sin auto,358.0422461107069,True,1.48210391383712,Trámites
alta,con auto,5809.252843322991,False,1.0,Visitar a alguien
baja,sin auto,2089.3162691790467,False,1.48210391383712,De salud
baja,sin auto,3401.233342480342,False,1.0,Visitar a alguien
baja,con auto,1754.1041160660902,False,1.0430735418982884,Buscar o Dejar a alguien
baja,con auto,1754.1041160660902,False,1.48210391383712,Buscar o Dejar a alguien
baja,con auto,3427.061199032498,False,1.48210391383712,Buscar o Dejar a alguien
baja,con auto,3999.8618170711925,False,1.48210391383712,Buscar o Dejar a alguien
baja,con auto,2487.1261043198156,False,1.12721985301036,Trámites
baja,con auto,222.76949970765747,True,1.48210391383712,De compras
baja,con auto,2487.1261043198156,False,1.12721985301036,Trámites
baja,con auto,222.76949970765747,True,1.48210391383712,De compras
baja,con auto,534.7645738210998,False,1.48210391383712,De compras
baja,con auto,3102.724546322403,False,1.48210391383712,De compras
baja,con auto,1510.6011094640644,False,1.48210391383712,Buscar o dejar algo
baja,con auto,534.7645738210998,False,1.48210391383712,De compras
baja,con auto,3102.724546322403,False,1.48210391383712,De compras
baja,con auto,1883.086256031903,False,1.48210391383712,Trámites
baja,con auto,3459.968989768008,False,1.12721985301036,Trámites
baja,con auto,2395.4211798567385,False,1.48210391383712,De salud
alta,sin auto,380.61819703485344,True,1.48210391383712,De compras
baja,sin auto,341.8812513710901,True,1.48210391383712,Recreación
baja,sin auto,5196.520889262263,False,1.48210391383712,De salud
baja,sin auto,15242.895912452186,False,1.12721985301036,Trámites
alta,sin auto,288.133025918585,True,1.48210391383712,De compras
baja,sin auto,2023.9178628652398,False,1.0,De salud
baja,sin auto,2023.9178628652398,False,1.0,De salud
alta,sin auto,4816.52476273496,False,1.0,De compras
alta,sin auto,2283.500881194063,False,1.0,Trámites
baja,sin auto,417.65418185982526,True,1.14387994007037,De salud
media,sin auto,1181.6370414201858,False,1.48210391383712,Trámites
baja,sin auto,9681.525914604385,False,1.0,Trámites
baja,sin auto,9537.44813801635,False,1.0,Trámites
baja,sin auto,1301.1815844166408,True,1.48210391383712,Trámites
baja,sin auto,1372.2949770024848,True,1.48210391383712,Trámites
alta,sin auto,9911.841718418256,False,1.0,Trámites
baja,sin auto,1444.241650932787,False,1.0,Trámites
baja,sin auto,1440.296066365892,False,1.0,Trámites
baja,sin auto,513.3579185510462,False,1.0,Trámites
baja,sin auto,759.3665225864253,True,1.48210391383712,De compras
baja,con auto,2265.272586384473,False,1.48210391383712,Trámites
alta,sin auto,321.49017195563306,True,1.48210391383712,De compras
baja,sin auto,281.5700696124546,True,1.48210391383712,De compras
baja,sin auto,2790.154635611618,False,1.14387994007037,Trámites
baja,sin auto,6306630.705702134,False,1.48210391383712,Visitar a alguien
baja,con auto,10050.785552515597,False,1.12721985301036,Trámites
baja,con auto,7797.913435105974,False,1.12721985301036,Trámites
baja,con auto,1665.0363080805664,True,1.48210391383712,De compras
baja,con auto,9405.26872087736,False,1.12721985301036,Trámites
baja,con auto,6899.427854732322,False,1.0,Trámites
baja,sin auto,907.5060455204967,True,1.48210391383712,De salud
baja,sin auto,479.52111528065166,True,1.48210391383712,De compras
baja,sin auto,907.5060455204967,True,1.48210391383712,De compras
baja,sin auto,266.0496018132709,True,1.48210391383712,De compras
alta,con auto,11134.115881816866,False,1.0,De compras
media,con auto,1893.434166113586,False,0.817907347175127,Buscar o Dejar a alguien
media,con auto,1883.724652492038,False,1.0,Buscar o Dejar a alguien
media,con auto,8933.796785241984,False,1.12721985301036,Recreación
baja,sin auto,2649.301278757288,False,1.0,Trámites
baja,sin auto,658.2163880340283,True,1.48210391383712,De compras
baja,sin auto,101.00039159113443,True,1.48210391383712,De compras
baja,sin auto,135.04727181620515,True,1.48210391383712,Trámites
baja,con auto,1703.6976881184055,False,1.14387994007037,De compras
baja,con auto,9713.934801165235,False,1.0,De compras
baja,sin auto,11663.998009533705,False,1.0,De compras
media,sin auto,6018.546672399539,False,1.48210391383712,Visitar a alguien
media,sin auto,1252.3414387065384,False,1.14387994007037,De salud
alta,sin auto,4635.922562328479,False,1.0,De salud
alta,sin auto,4853.540514347651,False,1.0,De compras
alta,sin auto,6288.11164092918,False,1.0430735418982884,De salud
alta,sin auto,6839.124162676095,False,1.12721985301036,De salud
alta,sin auto,6288.11164092918,False,1.0430735418982884,De salud
alta,sin auto,6839.03229466999,False,1.12721985301036,De salud
alta,sin auto,10108.264360214198,False,1.0,Recreación
media,sin auto,688.5384883940766,True,1.48210391383712,Visitar a alguien
media,sin auto,688.993803973637,True,1.48210391383712,Visitar a alguien
media,sin auto,1128.3398773890117,True,1.14387994007037,Buscar o Dejar a alguien
media,sin auto,1128.5597089217576,True,1.48210391383712,Buscar o Dejar a alguien
alta,sin auto,6305740.601515857,False,1.0,Trámites
alta,sin auto,7241.9791882122945,False,1.0,Trámites
media,con auto,1378.4860864821958,False,1.0,Trámites
media,con auto,1887.630082696703,False,1.48210391383712,De compras
baja,con auto,844.9092499345713,True,1.48210391383712,Trámites
media,sin auto,1200.8685890488027,False,1.0,Buscar o Dejar a alguien
baja,sin auto,381.3765414996706,True,1.48210391383712,De compras
media,con auto,14239.299258703226,False,1.0,Visitar a alguien
alta,sin auto,983.6724894019604,True,1.48210391383712,De compras
alta,sin auto,9931.940033896402,False,1.0,Recreación
alta,sin auto,281.3008582488907,True,1.48210391383712,De compras
alta,sin auto,2869.3382677416344,False,1.0,De compras
baja,sin auto,833.8918006289845,True,1.48210391383712,Trámites
baja,sin auto,1099.782482488725,False,1.0,Trámites
alta,sin auto,317.41480771421175,True,1.48210391383712,Visitar a alguien
media,sin auto,8813.673029198724,False,1.12721985301036,De salud
media,sin auto,213.15042232907373,True,1.48210391383712,De compras
baja,sin auto,6305180.691685772,False,1.5058778792911116,De salud
alta,sin auto,722.8078523413052,True,1.48210391383712,De compras
baja,sin auto,10165.647510398148,False,1.12721985301036,Recreación
baja,sin auto,957.5666507481346,False,1.48210391383712,Trámites
baja,sin auto,1053.9648950510639,False,1.48210391383712,Visitar a alguien
baja,con auto,13185.76392378941,False,1.12721985301036,De salud
baja,sin auto,5929.140707085139,False,1.42042823117339,Trámites
baja,sin auto,5929.140707085139,False,1.42042823117339,Trámites
baja,con auto,1288.4406094584112,True,1.48210391383712,Recreación
baja,con auto,632.9464827297802,True,1.48210391383712,De compras
alta,sin auto,9767.893583700634,False,1.0,Trámites
baja,sin auto,2569.9681547455507,False,1.14387994007037,Trámites
alta,sin auto,1187.9149686136,False,1.0,Trámites
alta,sin auto,1386.2131366970818,False,1.12721985301036,Trámites
alta,con auto,175.28409974952092,True,1.48210391383712,De compras
baja,sin auto,715.3743781940772,False,1.48210391383712,Trámites
baja,sin auto,5469.980042025405,False,1.0,Trámites
alta,con auto,5857.282459682135,False,1.14387994007037,Trámites
media,sin auto,3999.784781441567,False,1.0,Trámites
media,sin auto,2143.7444460569454,False,1.42042823117339,De salud
media,sin auto,2536.93230410766,False,1.48210391383712,Trámites
media,sin auto,942.4035614619938,True,1.48210391383712,Trámites
media,sin auto,2250.848250694891,False,1.0,Visitar a alguien
alta,sin auto,3436.793374104568,False,1.0430735418982884,Recreación
baja,con auto,2357.503168906937,False,1.14387994007037,De salud
baja,con auto,8162.497082275991,False,1.14387994007037,Visitar a alguien
baja,con auto,2111.7118502476997,False,1.48210391383712,De compras
baja,con auto,8162.497082275991,False,1.14387994007037,Visitar a alguien
alta,sin auto,3273.8376282898103,False,1.0,De compras
baja,con auto,3062.4600635151146,True,1.14387994007037,De salud
baja,con auto,1481.1146117583414,False,1.48210391383712,Trámites
alta,con auto,4609.407934204376,False,1.48210391383712,De compras
alta,con auto,728.6461868595759,False,1.48210391383712,Trámites
alta,con auto,728.6461868595759,False,1.48210391383712,Trámites
media,sin auto,2571.570878890226,False,1.12721985301036,De salud
baja,sin auto,1086.73224021102,True,1.14387994007037,Buscar o Dejar a alguien
baja,sin auto,1088.5309880357393,True,1.48210391383712,Buscar o Dejar a alguien
media,sin auto,994.7439845138861,True,1.48210391383712,Buscar o dejar algo
media,sin auto,317.3166932089494,True,1.48210391383712,De compras
media,con auto,2803.2650410949373,False,1.0,Trámites
media,sin auto,6288143.50881445,False,1.48210391383712,De compras
alta,sin auto,1486.5907360809035,True,1.48210391383712,De compras
alta,con auto,496.51600336903795,False,1.14387994007037,De compras
alta,con auto,2769.7278086102724,False,1.12721985301036,De salud
baja,sin auto,3476.0466190280376,False,1.0,De salud
alta,sin auto,1308.8521692599827,False,0.817907347175127,Buscar o Dejar a alguien
alta,sin auto,2532.784789522999,False,1.48210391383712,De compras
alta,con auto,18993.226662850266,False,1.12721985301036,Trámites
alta,con auto,18993.226662850266,False,1.12721985301036,Trámites
alta,sin auto,4866.240491036337,False,1.0,Trámites
baja,sin auto,1947.5571918752476,False,1.48210391383712,Trámites
baja,sin auto,1947.5571918752476,False,1.48210391383712,De compras
alta,sin auto,496.667708332241,True,1.48210391383712,De compras
alta,sin auto,1957.1182348433244,False,1.0,De salud
baja,con auto,19140.703243615586,False,1.0430735418982884,Buscar o dejar algo
baja,con auto,4442.554902587024,False,1.0,Buscar o Dejar a alguien
baja,sin auto,14081.862607936106,False,1.48210391383712,Visitar a alguien
baja,sin auto,496.65973324299205,True,1.48210391383712,De compras
baja,con auto,2173.8161801670926,False,1.48210391383712,De compras
media,sin auto,8966.870494320416,False,1.0,Recreación
baja,sin auto,7501.288127988523,False,1.0,De salud
media,sin auto,1695.699190058208,True,1.48210391383712,De compras
alta,sin auto,6290826.761538308,True,1.48210391383712,Recreación
alta,sin auto,6290826.761538308,True,1.48210391383712,Trámites
baja,sin auto,14409.878448833504,False,0.817907347175127,De salud
alta,con auto,2204.680762746616,False,1.0430735418982884,Buscar o Dejar a alguien
alta,con auto,1245.0162163226028,False,1.48210391383712,Buscar o Dejar a alguien
alta,con auto,6290054.231297704,False,1.48210391383712,Buscar o Dejar a alguien
alta,con auto,6289344.767424525,False,1.48210391383712,Buscar o Dejar a alguien
baja,sin auto,16914.62664382516,False,1.12721985301036,Trámites
baja,sin auto,18673.199137149077,False,1.12721985301036,De compras
baja,sin auto,3289.9782259977137,False,1.0,De salud
media,sin auto,6288714.82743112,True,1.48210391383712,De compras
media,sin auto,3979.3527190360996,False,1.0,Recreación
baja,con auto,821.7888031082332,True,1.14387994007037,De salud
baja,con auto,2790.955986985295,False,1.48210391383712,Trámites
alta,sin auto,19743.03840521328,False,1.12721985301036,Trámites
alta,sin auto,19679.957214433016,False,1.12721985301036,Trámites
baja,sin auto,1479.7185978780728,False,1.0,De compras
baja,sin auto,2956.3182882242336,False,1.0,De salud
media,sin auto,838.1175544971302,False,1.48210391383712,De compras
baja,sin auto,2059.2819373889165,False,1.48210391383712,Trámites
baja,sin auto,990.0973772343052,True,1.48210391383712,Trámites
media,sin auto,5053.424743738151,False,1.12721985301036,Trámites
alta,con auto,1589.2979778820584,False,1.0,De salud
baja,sin auto,599.7771794917363,True,1.48210391383712,Recreación
baja,sin auto,17991.359451988727,False,1.48210391383712,Trámites
baja,sin auto,4781.317733180363,False,1.48210391383712,Visitar a alguien
baja,sin auto,5429.822016319343,False,1.0,Trámites
baja,sin auto,6291800.281139424,True,1.48210391383712,De compras
baja,sin auto,2032.4141243485694,False,1.48210391383712,De compras
baja,sin auto,1963.632205499941,True,1.48210391383712,De compras
baja,sin auto,2300.4665092446467,True,1.48210391383712,De compras
alta,sin auto,5209.039175213242,False,1.12721985301036,Visitar a alguien
media,con auto,1137.958706017737,False,1.48210391383712,Trámites
baja,sin auto,5860.343205423344,False,1.48210391383712,De compras
media,sin auto,123.7301120382585,True,1.48210391383712,De compras
media,sin auto,19693.80819572487,False,0.817907347175127,De salud
media,sin auto,1550.1471704325368,False,1.48210391383712,Trámites
media,sin auto,1056.1583762035882,False,1.48210391383712,De salud
media,sin auto,3313.5032079038438,True,1.48210391383712,Trámites
baja,sin auto,1405.2226055999322,False,1.0,Buscar o Dejar a alguien
media,con auto,1478.8700160643134,False,1.48210391383712,Visitar a alguien
media,con auto,6296602.168297796,False,1.14387994007037,Buscar o Dejar a alguien
media,con auto,2616.655239160291,True,1.48210391383712,De compras
baja,sin auto,1678.0997673265922,False,0.817907347175127,Recreación
baja,sin auto,815.6356039780035,False,1.48210391383712,De compras
baja,sin auto,1406.6959796279943,False,1.0,Trámites
media,sin auto,16941.943019770675,False,1.12721985301036,De compras
baja,con auto,863.7266057115888,True,1.48210391383712,De compras
baja,con auto,152.28368687769054,True,1.48210391383712,De compras
baja,sin auto,891.5117696091075,False,1.0,De compras
baja,sin auto,901.4120525467598,False,1.0,De salud
baja,sin auto,3654.604151465142,False,1.48210391383712,De compras
baja,sin auto,20856.584391985183,False,1.12721985301036,Visitar a alguien
baja,con auto,5063.995745953886,False,1.0430735418982884,De salud
baja,con auto,5063.995745953886,False,1.0430735418982884,De salud
alta,sin auto,2919.3023841589707,False,1.0,De salud
alta,sin auto,1106.1940381325512,False,1.48210391383712,Trámites
alta,sin auto,1106.1940381325512,False,1.48210391383712,Trámites
media,con auto,4587.395581662459,False,1.0,De salud
media,con auto,4527.530307847377,False,1.0,De salud
media,sin auto,3668.5998185828676,False,1.48210391383712,Trámites
baja,con auto,3042.6627076524705,False,1.0,Trámites
media,sin auto,3890.3487905217526,False,0.817907347175127,De salud
media,sin auto,1664.9429243689556,False,1.0,De salud
media,con auto,815.0775293837083,True,1.48210391383712,De compras
alta,sin auto,1404.182470392025,True,1.14387994007037,Buscar o dejar algo
alta,sin auto,301.157149850788,True,1.48210391383712,Trámites
media,sin auto,2648.0365197927786,False,0.817907347175127,Trámites
media,sin auto,521.287042486251,True,1.14387994007037,Buscar o Dejar a alguien
media,sin auto,522.9999785268279,True,1.48210391383712,Buscar o Dejar a alguien
alta,sin auto,843.5050223064768,True,1.48210391383712,De salud
alta,sin auto,2122.2252214656673,False,1.0,De compras
alta,con auto,608.9398646738957,True,1.48210391383712,De compras
alta,con auto,608.9398646738957,True,1.48210391383712,De compras
baja,con auto,4853.757011728775,False,1.0,Trámites
baja,sin auto,23359.295772796246,False,1.12721985301036,Buscar o Dejar a alguien
media,sin auto,3613.5758498821583,False,1.0,De compras
baja,sin auto,2234.317653984377,False,1.0,De compras
baja,sin auto,3595.7941274809605,False,1.0,De salud
baja,sin auto,3597.582152602851,False,1.0,De salud
media,sin auto,751.964531894,True,1.48210391383712,Trámites
media,sin auto,751.964531894,True,1.48210391383712,Trámites
media,sin auto,751.964531894,True,1.48210391383712,Trámites
baja,sin auto,3464.9133308966043,False,1.48210391383712,De salud
alta,sin auto,2771.482044440528,False,1.0,Trámites
baja,sin auto,3859.128397106212,False,1.0,De salud
alta,sin auto,11578.930332020704,False,1.12721985301036,De salud
baja,sin auto,3402.126490910685,False,1.0,De compras
baja,sin auto,203.06380809058516,True,1.48210391383712,De compras
alta,con auto,2741.4770197833136,False,1.48210391383712,Trámites
alta,con auto,5768.53498651304,False,1.48210391383712,De compras
alta,con auto,2741.4770197833136,False,1.48210391383712,Trámites
alta,con auto,5768.53498651304,False,1.48210391383712,De compras
alta,sin auto,3648.2328000658845,False,1.14387994007037,De compras
alta,con auto,1896.2707030119836,False,1.48210391383712,Trámites
alta,sin auto,372.39480477713437,True,1.48210391383712,Recreación
alta,sin auto,23443.95192028479,False,1.0,Visitar a alguien
baja,sin auto,3840.052325210109,False,1.0,De salud
baja,sin auto,3840.052325210109,False,1.0,De salud
media,sin auto,4122.305794394686,True,1.48210391383712,De compras
media,sin auto,4143.073599111684,True,1.48210391383712,De compras
media,con auto,3599.0833610850227,False,1.48210391383712,De compras
baja,sin auto,16345.748419439275,False,1.12721985301036,Trámites
alta,sin auto,1505.9379477717741,False,1.0,Trámites
media,sin auto,11919.533897309138,False,1.48210391383712,De salud
media,sin auto,8767.90627004826,False,1.0,De compras
media,con auto,557.0366777435419,False,1.48210391383712,De salud
media,con auto,800.5867629676765,False,1.14387994007037,De compras
baja,sin auto,10464.672517122788,False,0.817907347175127,De salud
baja,sin auto,6787.68133512664,False,1.42042823117339,De salud
baja,sin auto,4840.415801745658,False,1.0,Buscar o dejar algo
media,sin auto,9775.812691799912,False,1.0,De compras
baja,con auto,7390.03995841119,False,1.48210391383712,De salud
media,sin auto,1002.438527280632,True,1.48210391383712,De compras
alta,con auto,656.7246378810529,True,1.48210391383712,De compras
media,con auto,326.58076055405115,True,1.48210391383712,De compras
baja,con auto,3066.0675752462735,True,1.48210391383712,De compras
alta,sin auto,14754.291906860579,False,1.0,De salud
alta,sin auto,1158.771608482448,True,1.48210391383712,Recreación
baja,sin auto,11312.171111241201,False,1.0,Trámites
media,con auto,3333.679446109668,False,1.0,De compras
media,con auto,6316148.084525707,True,1.48210391383712,De compras
alta,sin auto,1249.4869087574507,False,1.14387994007037,Buscar o dejar algo
media,con auto,1753.7294735523635,False,1.48210391383712,De compras
media,con auto,18177.244380960394,False,1.48210391383712,De compras
media,sin auto,2732.044269521451,False,1.0,Recreación
media,con auto,12282.778081143737,False,1.0,De salud
media,con auto,9919.200186892906,False,1.0,De salud
media,sin auto,2693.3380095689927,False,1.0,Trámites
alta,sin auto,1357.4891807953986,False,1.48210391383712,De compras
alta,sin auto,452.26012396248524,True,1.48210391383712,De compras
alta,sin auto,205.46547763553858,True,1.48210391383712,De compras
media,con auto,8558.588684218035,False,1.0,De salud
media,con auto,8558.588684218035,False,1.0,De salud
media,con auto,3951.4242271428616,False,1.48210391383712,De salud
media,sin auto,155.87941052300653,True,1.48210391383712,De compras
media,sin auto,9822.436617136109,False,1.0,Trámites
baja,con auto,8300.241147252233,False,1.48210391383712,Trámites
media,con auto,8080.530633102012,False,1.0430735418982884,De salud
media,sin auto,309.0344084806739,True,1.48210391383712,De compras
baja,sin auto,10952.976456954591,False,1.48210391383712,De salud
baja,sin auto,1451.9976756179742,False,1.48210391383712,De compras
media,sin auto,9615.130095526854,False,1.0,De compras
media,con auto,11121.402641038654,False,1.0430735418982884,Trámites
baja,con auto,372.6942498969497,False,1.5058778792911116,Buscar o Dejar a alguien
baja,con auto,372.6942498969497,False,1.5058778792911116,Buscar o Dejar a alguien
media,sin auto,8736.595446740108,False,1.0,De salud
alta,sin auto,10692.786887563576,False,1.0,Trámites
baja,sin auto,11179.998654300289,False,1.0,De compras
media,con auto,2407.4302981862215,False,1.48210391383712,Recreación
media,con auto,2439.893212955231,False,1.48210391383712,Recreación
alta,sin auto,12248.44590205733,False,1.0,De compras
media,sin auto,6433.886306113903,False,1.0,De compras
baja,con auto,2729.8525932115936,False,1.0,De salud
baja,con auto,2481.5074244612388,False,1.0,De salud
baja,con auto,2009.2881962685349,False,1.48210391383712,De compras
baja,con auto,2481.5074244612388,False,1.0,De salud
baja,con auto,2009.2881962685349,False,1.48210391383712,De compras
baja,sin auto,1693.456049215627,True,1.48210391383712,Visitar a alguien
baja,sin auto,6308668.398719019,True,1.48210391383712,Buscar o Dejar a alguien
baja,sin auto,8275.23952825536,False,1.48210391383712,Buscar o Dejar a alguien
baja,sin auto,1900.3973638755133,False,1.0,Trámites
alta,sin auto,2999.9080573476017,False,1.0,De compras
alta,sin auto,1683.9753842400912,True,1.48210391383712,Trámites
media,sin auto,1653.9613152146462,False,1.48210391383712,Recreación
media,sin auto,2472.8600541996407,False,1.0,De salud
alta,sin auto,1595.7307743167587,False,1.0,De salud
alta,sin auto,4502.913391974689,False,1.14387994007037,Trámites
alta,con auto,460.5881949763395,True,1.48210391383712,De compras
media,con auto,7780.4641380898065,False,1.0,De compras
media,con auto,310.6029685974725,True,1.48210391383712,De compras
media,con auto,7912.742670054423,False,1.5058778792911116,Buscar o Dejar a alguien
media,con auto,2344.569949905526,False,1.5058778792911116,Buscar o Dejar a alguien
media,con auto,4721.257187515213,False,1.48210391383712,Buscar o Dejar a alguien
media,con auto,7912.742670054423,False,1.48210391383712,Buscar o Dejar a alguien
media,sin auto,3616.4793675099268,False,1.0,De salud
alta,sin auto,149.85860849167958,True,1.48210391383712,De compras
alta,con auto,6553.179314569857,False,1.48210391383712,Trámites
alta,con auto,281.38341974297276,True,1.48210391383712,Visitar a alguien
alta,sin auto,6311036.912960371,False,1.0,Recreación
alta,sin auto,3186.594956225071,False,1.0,Trámites
alta,sin auto,2490.5105682620583,False,1.0,Trámites
alta,sin auto,799.4378591391578,True,1.48210391383712,Buscar o Dejar a alguien
alta,sin auto,2670.693608884977,False,1.0,Trámites
alta,con auto,891.8873334816456,False,1.48210391383712,De compras
alta,con auto,1524.3414202943513,False,1.14387994007037,Trámites
alta,sin auto,578.9936885720344,True,1.48210391383712,De salud
media,sin auto,1755.1137897695016,True,1.48210391383712,Trámites
media,sin auto,433.14129208175245,True,1.48210391383712,Trámites
baja,con auto,4359.266720989502,False,1.48210391383712,De salud
baja,sin auto,362.943053599666,True,1.48210391383712,De compras
alta,sin auto,893.9472733551249,True,1.48210391383712,De compras
alta,sin auto,9266.394680563555,False,1.48210391383712,De salud
media,sin auto,1119.3784586944053,False,1.0,De salud
media,sin auto,1396.7758983302404,False,1.0,De salud
media,con auto,4969.72605045807,False,1.0,Trámites
media,con auto,13477.164474236597,False,1.0,De salud
baja,sin auto,1259.2290548188603,False,1.48210391383712,Trámites
alta,sin auto,4200.454755072844,False,1.12721985301036,Trámites
alta,sin auto,4214.238458506619,False,1.0,De compras
alta,sin auto,5198.119852783913,False,1.0,De salud
alta,sin auto,3609.397681882195,False,1.0,De compras
media,sin auto,2135.6055075292024,False,1.12721985301036,De compras
media,sin auto,561.3481679180934,True,1.14387994007037,Buscar o dejar algo
alta,sin auto,5019.264058452849,False,1.0,Trámites
media,con auto,2018.534076107275,False,1.48210391383712,De compras
baja,sin auto,6310782.729970762,False,1.0,Trámites
baja,sin auto,1698.730622417534,False,1.0,De salud
alta,con auto,2709.0575969286,False,1.48210391383712,De compras
alta,con auto,108.96451992076366,True,1.48210391383712,De compras
alta,con auto,108.97693635008281,True,1.48210391383712,De compras
alta,sin auto,3645.1518991893963,False,1.0,Trámites
alta,sin auto,400.3389494092006,True,1.48210391383712,Trámites
alta,sin auto,872.3866061701085,True,1.48210391383712,De compras
alta,sin auto,3804.305484928392,False,1.0,De compras
alta,con auto,4920.882283319635,False,1.0,Trámites
baja,sin auto,2083.6487342763803,False,1.12721985301036,De compras
baja,sin auto,2134.5046943117886,False,1.12721985301036,De compras
alta,sin auto,2277.44956808186,False,1.14387994007037,Recreación
alta,sin auto,2277.44956808186,False,1.14387994007037,Recreación
alta,con auto,87.24387178514317,False,1.48210391383712,De salud
alta,con auto,6311025.443546585,False,1.14387994007037,Buscar o Dejar a alguien
alta,con auto,85.76599363420505,False,1.48210391383712,De salud
alta,con auto,5763.195229210963,False,1.0,Trámites
alta,sin auto,2908.519122397438,False,1.0,De compras
alta,sin auto,578.2536419375692,True,1.48210391383712,De compras
alta,sin auto,2923.6597036077915,False,1.0,De compras
alta,sin auto,578.2536419375692,True,1.48210391383712,De compras
alta,sin auto,12364.193128851517,False,1.12721985301036,De salud
alta,sin auto,1793.0270189333455,False,1.48210391383712,De salud
alta,sin auto,2049.1112135813905,False,1.48210391383712,Trámites
alta,sin auto,4016.6848290132248,False,1.0,De salud
media,sin auto,6892.553201871205,False,1.48210391383712,De salud
media,con auto,701.8485977057748,True,1.48210391383712,Recreación
alta,sin auto,4800.741770586246,False,1.48210391383712,De compras
media,sin auto,431.2531883940106,True,1.48210391383712,Recreación
media,sin auto,51329.13160554059,False,1.0,Visitar a alguien
baja,sin auto,10308.645735043232,False,1.0,De salud
alta,con auto,1931.8382541090396,False,1.0,De salud
alta,sin auto,266.27648232441123,True,1.48210391383712,De compras
alta,sin auto,93.19431669400501,True,1.48210391383712,De compras
alta,con auto,4444.856716198967,False,1.0,Trámites
alta,con auto,1991.2057630051697,False,1.12721985301036,De compras
alta,sin auto,6118.954379327326,False,1.12721985301036,Trámites
alta,sin auto,330.4790689878294,True,1.48210391383712,De compras
alta,sin auto,1283.999514760909,False,1.48210391383712,De salud
alta,sin auto,535.0591088842428,True,1.48210391383712,De compras
alta,sin auto,1283.999514760909,False,1.48210391383712,De salud
baja,sin auto,5185.3232467081125,False,1.12721985301036,Trámites
media,con auto,2671.041042365317,False,1.12721985301036,Trámites
media,con auto,6312464.36814896,False,1.05276355601825,De compras
media,sin auto,3106.499155626193,False,1.12721985301036,Trámites
alta,sin auto,1932.216336918889,False,1.0,De compras
alta,sin auto,6661.290753299994,False,1.12721985301036,Visitar a alguien
alta,sin auto,415.6594828270642,True,1.48210391383712,Recreación
alta,sin auto,12025.413458044346,False,1.12721985301036,De salud
media,con auto,1331.136041190475,False,1.5058778792911116,Buscar o Dejar a alguien
media,con auto,6822.39777436068,False,1.48210391383712,De compras
media,con auto,1331.136041190475,False,1.14387994007037,Buscar o Dejar a alguien
media,con auto,4592.403209143505,False,1.48210391383712,De compras
alta,sin auto,2715.9758835453604,False,1.42042823117339,De salud
alta,sin auto,3994.2584438918775,False,1.12721985301036,De compras
alta,sin auto,255.19995415666222,True,1.48210391383712,Recreación
alta,sin auto,8503.057896877819,False,1.48210391383712,De salud
media,sin auto,1593.0443293742842,False,1.48210391383712,De compras
alta,sin auto,1178.7731079554974,False,1.48210391383712,De salud
media,sin auto,853.4144746985488,False,1.0,De compras
media,sin auto,5604.968474278535,False,1.12721985301036,De salud
media,sin auto,5604.968474278535,False,1.12721985301036,De salud
media,sin auto,995.2583212295,False,1.12721985301036,Trámites
media,sin auto,1070.093285945202,False,1.12721985301036,Trámites
media,sin auto,5354.9423086440665,False,1.0,Trámites
baja,sin auto,60.04594594974751,True,1.48210391383712,De compras
alta,sin auto,4827.791485649132,False,1.0,Trámites
alta,sin auto,5969.716970838237,False,1.0,Trámites
alta,sin auto,1728.356870746389,False,1.14387994007037,De compras
baja,sin auto,1445.6480394294629,False,1.12721985301036,De compras
alta,sin auto,3952.9353532819837,False,1.12721985301036,De salud
alta,sin auto,103.90863249148263,True,1.48210391383712,De compras
media,sin auto,3743.29500795777,False,1.0,Trámites
media,sin auto,278.6759991459616,True,1.48210391383712,De compras
media,sin auto,392.658745764054,True,1.48210391383712,De compras
alta,con auto,4545.167816213067,False,1.12721985301036,Trámites
media,sin auto,6729.446058836423,False,1.0,Visitar a alguien
alta,sin auto,313.08236361419335,True,1.48210391383712,De compras
alta,sin auto,1309.814687513085,False,1.0430735418982884,De salud
alta,sin auto,5480.357444521896,False,1.12721985301036,Trámites
alta,sin auto,6313590.778984499,True,1.48210391383712,Recreación
alta,sin auto,2261.8541949944656,False,1.48210391383712,De salud
media,sin auto,6313019.178696553,False,1.5058778792911116,De salud
baja,con auto,119.77296230785979,True,1.48210391383712,De compras
baja,sin auto,3673.2476285468424,False,1.12721985301036,Trámites
alta,sin auto,393.02416358801975,True,1.48210391383712,De compras
media,sin auto,1918.8027234714784,False,1.42042823117339,De salud
media,sin auto,2774.3746620860347,False,1.0,De salud
media,sin auto,4510.121899444799,False,1.12721985301036,De compras
media,sin auto,2777.526327507986,False,1.0,De salud
alta,sin auto,3008.013469909377,False,1.42042823117339,Buscar o Dejar a alguien
baja,sin auto,2294.754810568005,False,1.12721985301036,Trámites
baja,sin auto,1708.5193928150186,False,1.12721985301036,De compras
baja,sin auto,1277.0518187044133,False,1.48210391383712,De compras
media,con auto,375.590744330265,True,1.48210391383712,De compras
baja,sin auto,106.46713107809377,True,1.48210391383712,De compras
baja,sin auto,106.46713107809377,True,1.48210391383712,De compras
alta,sin auto,1074.9973564647728,False,1.0430735418982884,De salud
alta,sin auto,1811.0991507339024,False,1.12721985301036,Trámites
alta,sin auto,405.43239962299816,True,1.48210391383712,De compras
alta,sin auto,2481.1404354351976,False,1.12721985301036,Trámites
media,sin auto,3148.5384631764564,False,1.12721985301036,De salud
media,sin auto,394.7179570592146,True,1.48210391383712,Trámites
media,sin auto,1146.8193532140317,True,1.48210391383712,De compras
alta,sin auto,2126.4637247449696,False,1.48210391383712,De compras
alta,sin auto,404.1039772311855,True,1.48210391383712,De compras
alta,sin auto,3232.2675501302488,False,1.0,De salud
media,sin auto,619.0516941257814,True,1.48210391383712,De compras
alta,con auto,558.7955666892522,True,1.48210391383712,De compras
alta,con auto,2318.1527501119426,True,1.48210391383712,Visitar a alguien
alta,con auto,1645.5789682130116,False,1.14387994007037,Buscar o Dejar a alguien
media,sin auto,4868.819562344045,False,1.0,Trámites
media,sin auto,4488.0487940238645,False,1.48210391383712,Comer o Tomar algo
media,sin auto,843.3940730761628,False,1.48210391383712,De compras
media,sin auto,5128.411195548286,False,1.12721985301036,De salud
media,sin auto,6763.974885376201,False,1.0,Trámites
alta,con auto,6311900.444845435,False,1.5058778792911116,De compras
media,sin auto,5959.132269899389,False,1.0,Trámites
media,sin auto,56.88423688729594,True,1.48210391383712,De compras
alta,sin auto,6193.618119496572,False,1.0,Trámites
media,sin auto,23141.803517339704,False,1.0,Visitar a alguien
alta,sin auto,1299.763165025171,False,1.0,Visitar a alguien
alta,sin auto,2277.5562364420884,False,1.0,De compras
media,sin auto,2003.4731700634431,False,1.0,De compras
baja,sin auto,426.076875582623,True,1.48210391383712,De salud
alta,sin auto,6695.866693881126,False,1.48210391383712,Trámites
alta,sin auto,6695.866693881126,False,1.48210391383712,Trámites
baja,sin auto,14001.318366496778,False,1.0,Visitar a alguien
baja,sin auto,9217.546707909865,False,1.0,De compras
alta,con auto,6097.444346814492,False,1.0,De compras
media,sin auto,6980.717541243522,False,1.0,De salud
alta,sin auto,753.2268732966515,False,1.48210391383712,De salud
media,con auto,7533.301000352639,False,1.0,Visitar a alguien
media,con auto,48.616895613176496,True,1.48210391383712,De compras
baja,sin auto,1751.9317242979425,False,0.817907347175127,Trámites
alta,sin auto,4206.702213804181,False,1.0,De salud
alta,con auto,1445.3383051750375,False,1.0430735418982884,Buscar o Dejar a alguien
alta,con auto,1445.3383051750375,False,1.48210391383712,Buscar o Dejar a alguien
alta,con auto,1445.3383051750375,False,1.48210391383712,Buscar o Dejar a alguien
media,sin auto,6156.484538124339,False,1.0,Trámites
alta,sin auto,6262.7642753151795,False,1.0,De compras
media,sin auto,3149.9167108284387,False,1.48210391383712,Visitar a alguien
media,sin auto,12320.394440120668,False,1.14387994007037,De compras
alta,sin auto,1990.0514050462523,False,1.0,Trámites
alta,sin auto,8592.321587253882,False,1.0,De compras
alta,sin auto,1639.4242808547915,False,1.0,De salud
baja,sin auto,9681.033858344172,False,1.0,De compras
baja,sin auto,9681.033858344172,False,1.0,Trámites
media,con auto,8643.736432563466,False,1.0,Trámites
baja,sin auto,2655.6875244537077,False,1.0,De salud
media,sin auto,22142.783612860796,False,1.0,Visitar a alguien
media,sin auto,5512.662463680917,False,0.817907347175127,De salud
media,sin auto,5464.503775790167,False,0.817907347175127,De salud
alta,sin auto,420.53839306187314,False,1.48210391383712,De compras
media,sin auto,2708.297038298467,False,1.14387994007037,De salud
alta,con auto,268.307588252853,True,1.48210391383712,De salud
alta,con auto,1794.5823550624705,False,1.48210391383712,De compras
alta,sin auto,1098.4657130978474,False,1.48210391383712,Recreación
alta,sin auto,110.21796586763884,False,1.0,Recreación
alta,sin auto,3829.719737216419,True,1.14387994007037,Buscar o Dejar a alguien
alta,sin auto,3628.0162162039824,False,1.48210391383712,De salud
alta,sin auto,3704.4718125741288,True,1.48210391383712,De compras
media,con auto,6560.050553662034,False,1.48210391383712,De salud
media,sin auto,2261.020887586305,False,1.48210391383712,Trámites
media,sin auto,5720.395878677372,False,1.48210391383712,Visitar a alguien
media,sin auto,7378.783165331298,False,1.48210391383712,De compras
baja,sin auto,981.6783320702611,False,1.48210391383712,De compras
baja,sin auto,2608.058603763355,False,1.48210391383712,Trámites
baja,sin auto,1564.862139495042,False,1.48210391383712,De salud
baja,con auto,15656.603295913996,False,1.48210391383712,Comer o Tomar algo
baja,con auto,2722.3882167205807,False,1.48210391383712,Trámites
baja,con auto,3062.563512096525,False,1.14387994007037,Trámites
baja,sin auto,2721.472329571807,False,1.48210391383712,De compras
baja,con auto,755.7197165874809,False,1.48210391383712,De compras
baja,con auto,755.7197165874809,False,1.48210391383712,De compras
alta,con auto,1919.9010088515142,False,1.48210391383712,Recreación
alta,con auto,2082.483337877896,False,1.14387994007037,Recreación
alta,sin auto,396.7903256129111,True,1.48210391383712,De compras
alta,sin auto,899.107007066595,True,1.48210391383712,De compras
media,sin auto,700.733015341123,False,1.14387994007037,De salud
alta,sin auto,1642.958926801352,False,1.48210391383712,De compras
baja,sin auto,668.2532917345507,True,1.48210391383712,De compras
media,sin auto,1254.9090122021796,True,1.14387994007037,De salud
media,sin auto,2432.330234191908,False,1.48210391383712,Trámites
media,con auto,1014.5713553793296,False,1.48210391383712,De salud
media,con auto,2406.4018296255094,False,1.48210391383712,Trámites
media,con auto,2568.938696118314,False,1.48210391383712,Trámites
alta,con auto,1203.3754061655334,True,1.48210391383712,De compras
alta,sin auto,1396.1348486535962,True,1.48210391383712,De salud
alta,sin auto,630.5066941803632,True,1.48210391383712,Visitar a alguien
media,sin auto,1001.4653214360758,True,1.48210391383712,Trámites
media,con auto,1923.2861346310544,False,1.0,De compras
media,con auto,1923.2861346310544,False,1.0,De compras
media,sin auto,3426.235812772752,False,1.48210391383712,Trámites
media,sin auto,3426.235812772752,False,1.48210391383712,Trámites
alta,sin auto,1528.095403598872,True,1.48210391383712,Trámites
media,sin auto,1166.6552254368307,False,1.48210391383712,De compras
alta,sin auto,2680.5829722821604,False,1.48210391383712,De salud
alta,sin auto,3209.797547798235,False,1.48210391383712,Recreación
baja,sin auto,2535.534042150933,False,1.48210391383712,De salud
baja,sin auto,2386.7750871010553,False,1.48210391383712,Visitar a alguien
alta,sin auto,1987.1772637434897,False,1.48210391383712,Trámites
alta,sin auto,2236.1954297422217,False,1.48210391383712,De compras
alta,sin auto,1556.7799075861888,True,1.48210391383712,Trámites
media,con auto,3874.9134183875644,False,1.12721985301036,Buscar o Dejar a alguien
alta,sin auto,2730.3946788951707,False,1.48210391383712,Trámites
media,con auto,3316.2400797592386,False,1.14387994007037,Trámites
media,con auto,1353.0714380276638,False,1.14387994007037,Buscar o Dejar a alguien
media,con auto,1353.0714380276638,False,1.48210391383712,Buscar o Dejar a alguien
media,sin auto,1490.2493791020556,False,1.48210391383712,Trámites
media,sin auto,1490.2493791020556,False,1.48210391383712,Trámites
alta,sin auto,726.6197914240036,True,1.48210391383712,De compras
media,sin auto,3650.1395371444364,False,1.48210391383712,De compras
alta,sin auto,2312.5964981977645,False,1.48210391383712,Comer o Tomar algo
alta,sin auto,693.0762106645001,True,1.48210391383712,De compras
media,sin auto,1913.4703484543634,False,1.48210391383712,De salud
media,sin auto,2060.262062366096,False,1.48210391383712,De compras
media,sin auto,1895.7353024391518,False,1.48210391383712,De salud
media,sin auto,17561.826821645765,False,1.12721985301036,Trámites
media,sin auto,1166.4078286158106,True,1.14387994007037,Buscar o Dejar a alguien
media,sin auto,1166.4078286158106,True,1.48210391383712,Buscar o Dejar a alguien
alta,sin auto,733.886955516013,True,1.48210391383712,Visitar a alguien
media,sin auto,1188.1415803847042,True,1.48210391383712,Trámites
media,sin auto,388.2823868192614,True,1.48210391383712,Trámites
baja,sin auto,2888.9043907858154,False,1.48210391383712,Recreación
alta,con auto,882.9168240350065,False,1.48210391383712,Trámites
alta,con auto,846.2771067482861,False,1.14387994007037,De compras
alta,con auto,19294.038046217964,False,1.48210391383712,De salud
baja,sin auto,2300.669625900047,False,1.0,De compras
media,sin auto,623.993953577727,True,1.14387994007037,De salud
media,sin auto,320.4104850129752,True,1.48210391383712,De compras
media,sin auto,1413.0805032938013,False,1.0,De compras
alta,sin auto,623.5371450756262,False,1.0,De compras
media,sin auto,585.5711021088729,True,1.48210391383712,De compras
alta,sin auto,1161.472224178892,False,1.48210391383712,Trámites
media,sin auto,15951.818511420228,False,1.12721985301036,De salud
alta,sin auto,2328.147904459479,False,1.48210391383712,Trámites
alta,sin auto,2608.8975049637825,False,1.48210391383712,De compras
baja,con auto,2728.064990927922,True,1.48210391383712,De compras
alta,con auto,6292261.857888053,True,1.48210391383712,De compras
media,con auto,1844.7703278457186,True,1.48210391383712,Visitar a alguien
media,sin auto,6290738.4975135885,True,1.48210391383712,De salud
alta,sin auto,2163.090844365202,False,1.48210391383712,Trámites
alta,sin auto,1495.0253659140913,False,1.48210391383712,De compras
alta,con auto,1204.2973642757684,False,1.0430735418982884,Buscar o Dejar a alguien
alta,con auto,5103.316327169642,False,1.48210391383712,Trámites
alta,con auto,5110.835331923644,False,1.48210391383712,Trámites
baja,sin auto,2887.666333311219,True,1.48210391383712,Buscar o dejar algo
media,sin auto,3299.000445802675,False,0.817907347175127,Trámites
media,sin auto,1388.3572365951964,False,1.48210391383712,Trámites
media,sin auto,186.2098215891149,True,1.48210391383712,De compras
media,sin auto,2569.8137092015054,False,1.48210391383712,De compras
media,sin auto,3811.574422610893,False,1.14387994007037,Trámites
media,sin auto,84.5,True,1.48210391383712,De salud
baja,con auto,420.83558180608077,True,1.48210391383712,De compras
alta,con auto,14409.896545843556,False,1.48210391383712,Trámites
alta,con auto,16817.24976876886,False,1.48210391383712,Trámites
baja,con auto,2976.493433581914,False,1.48210391383712,De compras
media,con auto,2310.157140894316,False,1.14387994007037,De compras
media,con auto,2749.5190722935986,False,1.48210391383712,Trámites
media,con auto,2310.157140894316,False,1.48210391383712,De compras
alta,sin auto,2478.0677145018153,False,1.0,Recreación
alta,sin auto,2105.0864518414824,True,1.48210391383712,De compras
alta,sin auto,15655.826495800264,False,1.0,De compras
alta,sin auto,2303.9628369195216,False,1.48210391383712,De compras
media,con auto,2581.442050966862,False,1.48210391383712,Trámites
media,con auto,1022.0439391124838,False,1.48210391383712,De salud
alta,sin auto,1340.6537482348863,False,1.48210391383712,Buscar o Dejar a alguien
alta,sin auto,869.7984147068576,True,1.48210391383712,Buscar o Dejar a alguien
alta,sin auto,515.1063916576483,True,1.48210391383712,De compras
alta,sin auto,1566.5857830406223,False,1.48210391383712,De compras
alta,sin auto,516.9662111555865,True,1.14387994007037,Buscar o Dejar a alguien
alta,sin auto,517.5011813090382,True,1.48210391383712,Buscar o Dejar a alguien
baja,sin auto,1602.8810587428384,False,1.48210391383712,De compras
baja,sin auto,1602.8810587428384,False,1.48210391383712,De compras
alta,sin auto,5165.319387889412,False,1.0,Trámites
media,sin auto,1270.9777977997885,True,1.48210391383712,De compras
alta,sin auto,15399.936706444609,False,1.5058778792911116,Visitar a alguien
alta,sin auto,1825.1131396864826,False,1.05276355601825,Visitar a alguien
alta,con auto,2262.780177964502,False,1.14387994007037,Trámites
alta,sin auto,7745.212643344597,False,1.0,De salud
alta,con auto,4769.614917570816,False,1.48210391383712,Trámites
alta,con auto,663.8399075466633,True,1.48210391383712,Trámites
alta,con auto,2100.725032020195,True,1.48210391383712,Comer o Tomar algo
media,sin auto,3835.980680637816,False,1.48210391383712,De salud
media,sin auto,169.05990062696713,True,1.48210391383712,De compras
media,sin auto,169.05990062696713,True,1.48210391383712,De compras
media,sin auto,5017.188169573297,False,1.0,De salud
media,con auto,8172.065859207607,False,1.0,Trámites
media,con auto,2003.3193531396992,False,1.48210391383712,Buscar o Dejar a alguien
media,con auto,6536.537758489892,False,1.0,Visitar a alguien
media,con auto,548.7007176403749,True,1.48210391383712,De compras
media,sin auto,11399.064777976306,False,1.0430735418982884,De salud
media,sin auto,11399.064777976306,False,1.0430735418982884,De salud
alta,sin auto,399.4920651981088,True,1.48210391383712,Trámites
media,sin auto,5820.381945642748,False,1.12721985301036,De compras
media,con auto,2.3202993476058213,False,1.12721985301036,Trámites
media,con auto,5411.499442106047,True,1.48210391383712,De compras
media,sin auto,6422.864431153484,False,1.12721985301036,Buscar o Dejar a alguien
media,sin auto,1614.9786424671381,True,1.48210391383712,De compras
alta,sin auto,6302378.0530382,True,1.14387994007037,De salud
media,sin auto,7330.772849188976,False,1.48210391383712,Trámites
alta,con auto,299.63146634657716,False,1.5058778792911116,Buscar o Dejar a alguien
alta,con auto,1552.6000483563853,False,1.48210391383712,Buscar o Dejar a alguien
alta,sin auto,1081.1274948664704,False,1.48210391383712,Trámites
media,sin auto,1783.1794552782853,False,1.0,Trámites
media,sin auto,2918.6230513077567,False,1.0,De compras
media,con auto,7370.0406185940765,False,1.48210391383712,Visitar a alguien
alta,sin auto,634.8041036414305,True,1.48210391383712,De compras
alta,sin auto,7822.958410036209,False,1.0,De salud
alta,sin auto,1112.9141434203268,True,1.48210391383712,Visitar a alguien
media,sin auto,9187.114526830585,False,1.12721985301036,De salud
alta,sin auto,6840.907995588127,False,1.12721985301036,Trámites
baja,sin auto,1096.2053800960668,True,1.48210391383712,De compras
baja,sin auto,1096.2053800960668,True,1.48210391383712,De compras
baja,con auto,6207.1305909294,False,1.0,Trámites
media,sin auto,1051.484360488335,False,1.48210391383712,De compras
media,sin auto,3004.0818976605087,True,1.48210391383712,Recreación
media,sin auto,299.36668177379056,True,1.48210391383712,De compras
media,sin auto,299.78283969660856,True,1.48210391383712,De compras
alta,con auto,1299.7219297705808,False,1.48210391383712,Buscar o Dejar a alguien
alta,con auto,4914.80624339925,False,1.48210391383712,Buscar o Dejar a alguien
media,sin auto,1175.051585054487,True,1.48210391383712,Recreación
media,sin auto,1090.7036719476102,True,1.48210391383712,De compras
media,con auto,2027.2728084890455,False,1.0,De salud
alta,con auto,452.01578028316663,True,1.48210391383712,Visitar a alguien
baja,sin auto,3622.857023900474,False,1.0,Trámites
alta,con auto,641.3254897390735,False,1.5058778792911116,Buscar o Dejar a alguien
alta,con auto,689.824446219154,False,1.0430735418982884,Buscar o Dejar a alguien
alta,con auto,769.0588429413252,False,1.48210391383712,Buscar o Dejar a alguien
alta,con auto,769.0588429413252,False,1.48210391383712,Buscar o Dejar a alguien
alta,con auto,1184.0178357404768,False,1.48210391383712,Buscar o Dejar a alguien
alta,con auto,188.4124283694218,True,1.48210391383712,De compras
baja,sin auto,723.74790856779,True,1.48210391383712,Trámites
alta,con auto,12634.44508080984,False,1.12721985301036,De salud
media,sin auto,6682.8601913338025,False,1.0,De salud
media,sin auto,603.0867094386698,False,1.48210391383712,De salud
media,sin auto,6682.8601913338025,False,1.0,Trámites
media,sin auto,603.0867094386698,False,1.48210391383712,De salud
media,sin auto,3058.951766083696,False,1.48210391383712,De compras
alta,sin auto,359.9336961511106,True,1.48210391383712,De compras
media,con auto,1999.1709531703386,False,1.5058778792911116,Visitar a alguien
media,sin auto,850.112108875206,True,1.48210391383712,Trámites
media,sin auto,6103.9314255368445,False,1.0,Trámites
alta,sin auto,1862.3576623463066,False,1.0,Trámites
alta,sin auto,257.9631169887713,False,1.0,Trámites
alta,sin auto,2112.6009593571057,False,1.0,Recreación
alta,con auto,5927.646962802778,False,1.0,De compras
media,sin auto,1151.2031274388548,True,1.48210391383712,Trámites
media,sin auto,359.49489440263613,True,1.48210391383712,De compras
media,con auto,674.1406458236756,True,1.48210391383712,De compras
alta,con auto,3951.172662660574,False,1.0,Trámites
alta,sin auto,3345.0875165179255,False,1.0,Visitar a alguien
media,con auto,452.69237968514557,False,1.48210391383712,Buscar o Dejar a alguien
media,con auto,8672.795537853193,False,1.48210391383712,De compras
media,sin auto,1816.267050849076,False,1.48210391383712,Trámites
media,sin auto,922.2918808471441,True,1.48210391383712,De compras
media,sin auto,1816.267050849076,False,1.48210391383712,Trámites
alta,con auto,996.7080037436052,True,1.48210391383712,Buscar o dejar algo
alta,con auto,4486.097929580791,False,1.0,Buscar o Dejar a alguien
media,sin auto,135.646959627741,True,1.48210391383712,De compras
media,sin auto,1350.2207809193883,False,1.48210391383712,De salud
alta,con auto,3324.0406722278535,False,1.14387994007037,De compras
baja,con auto,4928.795422454278,False,1.0,Trámites
baja,con auto,5148.889419183186,False,1.12721985301036,Trámites
baja,con auto,4567.187292593221,False,1.12721985301036,Trámites
media,con auto,1458.1424840893465,False,1.48210391383712,De compras
media,con auto,1458.1424840893465,False,1.48210391383712,De compras
media,sin auto,746.1671331712487,False,1.48210391383712,De salud
alta,sin auto,1444.1076102697689,False,1.0,Trámites
alta,sin auto,635.273938973623,False,1.0,Trámites
media,sin auto,1878.9152728473582,False,1.42042823117339,De salud
media,sin auto,230.42454237030068,False,1.48210391383712,De compras
media,sin auto,182.5522185567735,True,1.48210391383712,De compras
media,sin auto,1084.5175194527749,True,1.48210391383712,Recreación
media,sin auto,2515.5491976157014,False,1.0,De compras
media,sin auto,6304259.624847236,False,1.0,Visitar a alguien
media,sin auto,534.537416838148,True,1.48210391383712,Trámites
media,sin auto,3096.9870848788264,False,1.48210391383712,De salud
alta,con auto,2134.63698703228,False,0.817907347175127,De salud
alta,con auto,2259.282932296011,False,1.0,Trámites
alta,con auto,2331.911194983433,False,0.817907347175127,De salud
alta,con auto,5685.031860412591,False,1.0,Trámites
media,sin auto,2461.193589254828,False,1.48210391383712,Trámites
media,sin auto,300.4574702120917,False,1.48210391383712,De compras
alta,sin auto,2090.784258694868,False,1.48210391383712,De salud
media,sin auto,8162.879439460322,False,1.0,De compras
baja,sin auto,1249.2762904978226,False,1.48210391383712,Trámites
baja,con auto,529.6365360806999,True,1.48210391383712,De compras
baja,sin auto,10105.5068894719,False,1.12721985301036,De compras
baja,sin auto,4349.017134944293,False,1.12721985301036,De compras
baja,sin auto,1643.9069613747154,False,1.14387994007037,Visitar a alguien
media,con auto,3328.587017813452,False,1.12721985301036,Trámites
media,con auto,1430.0011363631847,False,1.48210391383712,Comer o Tomar algo
media,sin auto,729.2948756333066,False,1.48210391383712,De salud
media,con auto,365.6947169109263,True,1.48210391383712,De compras
media,con auto,9688.734307707668,False,1.12721985301036,Trámites
media,con auto,8727.85974629385,False,1.14387994007037,Trámites
alta,sin auto,3297.5144760450353,False,1.0,De compras
media,con auto,1599.9804103415024,False,1.48210391383712,De salud
media,con auto,11064.744338897137,False,1.48210391383712,Trámites
media,con auto,1599.9804103415024,False,1.48210391383712,De salud
media,con auto,11064.744338897137,False,1.48210391383712,Trámites
alta,sin auto,1211.1283837455312,True,1.48210391383712,De compras
baja,sin auto,325.7277489042805,True,1.48210391383712,De salud
baja,sin auto,226.6038755322821,True,1.48210391383712,De compras
baja,sin auto,2570.896320473659,False,1.12721985301036,Trámites
baja,sin auto,1591.0929530219942,False,1.48210391383712,De compras
baja,sin auto,93.63589410083347,True,1.48210391383712,De compras
baja,sin auto,1097.8353292530944,True,1.48210391383712,De compras
baja,sin auto,1097.8353292530944,True,1.48210391383712,De compras
baja,con auto,1484.723854072387,False,1.0,Trámites
baja,con auto,668.0607692465185,False,1.48210391383712,Visitar a alguien
baja,con auto,974.5065422954135,False,1.48210391383712,De compras
baja,con auto,668.0607692465185,False,1.48210391383712,Visitar a alguien
baja,con auto,974.5065422954135,False,1.48210391383712,De compras
baja,sin auto,7322.690223568901,False,1.12721985301036,De compras
baja,sin auto,5165.190619969896,False,1.12721985301036,De salud
baja,sin auto,6323.997018503334,False,1.12721985301036,Trámites
baja,sin auto,473.5269923668555,True,1.14387994007037,Trámites
baja,sin auto,623.4156238329791,True,1.48210391383712,De compras
baja,sin auto,228.9042022092703,True,1.48210391383712,De compras
baja,con auto,355.5444891839311,False,1.48210391383712,Trámites
alta,con auto,1306.8491747807013,False,1.48210391383712,Trámites
baja,sin auto,310.1613507137253,True,1.48210391383712,De compras
baja,sin auto,245.6178752147327,True,1.48210391383712,De compras
baja,sin auto,285.71601394566596,True,1.48210391383712,De compras
baja,sin auto,4918.273504556757,False,1.12721985301036,Trámites
baja,sin auto,6302736.222528277,True,1.48210391383712,Buscar o Dejar a alguien
baja,con auto,2236.870316424267,False,1.48210391383712,Trámites
baja,con auto,5750.168944528935,False,1.48210391383712,De salud
baja,sin auto,273.1074150517521,True,1.48210391383712,Visitar a alguien
baja,sin auto,785.3873254494005,True,1.48210391383712,Visitar a alguien
baja,con auto,319.6129877117989,True,1.48210391383712,Buscar o Dejar a alguien
baja,con auto,459.94244820853675,True,1.48210391383712,Buscar o dejar algo
baja,con auto,1044.0042097803353,False,1.48210391383712,De compras
baja,con auto,836.3927667977304,False,1.48210391383712,De compras
media,sin auto,1160.3431204719416,False,1.0,Trámites
media,sin auto,1578.7426959450993,False,1.0,De compras
media,sin auto,634.7528092937046,True,1.48210391383712,De compras
media,sin auto,6562.612769938819,False,1.12721985301036,De compras
baja,con auto,7383.614503793179,False,1.12721985301036,Visitar a alguien
alta,con auto,116.65082528238923,True,1.48210391383712,De compras
baja,con auto,4670.47390570874,False,1.48210391383712,Recreación
baja,con auto,2666.9606649661264,False,1.14387994007037,Visitar a alguien
media,con auto,3118.708171218744,False,1.0430735418982884,Buscar o Dejar a alguien
media,con auto,3118.708171218744,False,1.48210391383712,Buscar o Dejar a alguien
media,con auto,2343.6984661001084,False,1.48210391383712,Buscar o Dejar a alguien
media,con auto,4587.394864258472,False,1.14387994007037,Buscar o Dejar a alguien
media,con auto,4587.394864258472,False,1.48210391383712,Buscar o Dejar a alguien
baja,sin auto,706.7520892257766,True,1.48210391383712,Trámites
baja,sin auto,750.4034234007481,True,1.48210391383712,De compras
baja,con auto,7370.926401452195,False,1.12721985301036,Trámites
baja,con auto,5834.122368743782,True,1.48210391383712,De compras
media,sin auto,2487.4143986527456,False,1.48210391383712,De salud
media,sin auto,843.557941683061,True,1.48210391383712,Recreación
media,sin auto,2487.4143986527456,False,1.48210391383712,De salud
baja,sin auto,515.8884478499203,True,1.48210391383712,De compras
baja,sin auto,1741.0969793225906,False,1.12721985301036,Trámites
media,con auto,2406.5949630974983,False,1.48210391383712,Visitar a alguien
baja,sin auto,489.991426104835,True,1.48210391383712,De compras
baja,sin auto,4589.059002062848,False,1.12721985301036,Recreación
baja,con auto,1018.1121181658973,False,1.14387994007037,De compras
baja,con auto,97.31603237005709,True,1.48210391383712,De compras
media,sin auto,345.70000457631255,True,1.48210391383712,De compras
media,sin auto,4776.588265897958,False,1.0,Visitar a alguien
alta,con auto,6045.558682632752,False,1.0,Buscar o Dejar a alguien
baja,con auto,7141.38936834784,False,1.0430735418982884,De salud
alta,sin auto,991.4102329510222,False,1.0,De salud
alta,sin auto,10592.538722464698,False,1.0,De compras
alta,sin auto,1460.119374199953,False,1.48210391383712,De salud
media,sin auto,296.16651150841227,True,1.48210391383712,Trámites
media,sin auto,2676.152107511653,False,1.48210391383712,De compras
alta,sin auto,882.7510642339946,True,1.48210391383712,Trámites
media,sin auto,15059.592087594092,False,0.817907347175127,De salud
media,sin auto,1864.8621411954457,False,1.14387994007037,De salud
alta,sin auto,10032.330905159828,False,1.0,De salud
alta,sin auto,752.9921978347452,True,1.48210391383712,De compras
alta,sin auto,193.0327879572859,True,1.48210391383712,De compras
alta,sin auto,1362.6609996620582,True,1.48210391383712,De compras
alta,sin auto,10453.262831116715,False,1.0,Trámites
alta,sin auto,2315.300031389358,False,1.0,Trámites
media,sin auto,127.63266688528451,True,1.48210391383712,Recreación
alta,con auto,6297710.256523786,True,1.48210391383712,De compras
media,sin auto,3057.0638181883874,False,0.817907347175127,De salud
alta,sin auto,2062.414911123608,False,1.48210391383712,Trámites
alta,con auto,689.2847636148375,True,1.48210391383712,De salud
alta,con auto,74.1104604732861,True,1.48210391383712,De compras
alta,con auto,74.50635066262808,True,1.48210391383712,De compras
alta,con auto,897.1471456659507,False,1.14387994007037,Trámites
media,sin auto,12286.266454008974,False,1.0,Trámites
media,sin auto,12286.266454008974,False,1.0,Trámites
alta,sin auto,270.7715989336077,True,1.48210391383712,De compras
alta,sin auto,13077.720540490083,False,1.0,De compras
alta,sin auto,202.11901129424342,True,1.48210391383712,De compras
alta,sin auto,2762.4252664170053,False,1.12721985301036,Recreación
alta,sin auto,108.9834464566179,True,1.48210391383712,Trámites
alta,sin auto,5.75,True,1.48210391383712,De compras
alta,sin auto,1003.7766190625096,False,1.0,Buscar o Dejar a alguien
alta,con auto,355.4002640070066,False,1.48210391383712,De compras
alta,con auto,450.4167352037028,False,1.48210391383712,Buscar o dejar algo
alta,con auto,349.2987967543869,True,1.48210391383712,De compras
alta,con auto,148.14827085136702,True,1.48210391383712,De compras
alta,con auto,148.14827085136702,True,1.48210391383712,De compras
alta,con auto,148.14827085136702,True,1.48210391383712,De compras
alta,con auto,1538.261823772716,False,1.0430735418982884,De compras
media,sin auto,337.64398693603664,True,1.48210391383712,De compras
alta,sin auto,534.7318919692957,False,1.48210391383712,De compras
media,sin auto,1893.6013908790474,False,1.0,Trámites
media,con auto,1922.123078501023,False,1.12721985301036,Trámites
media,con auto,1100.2703946786216,False,1.12721985301036,Trámites
media,con auto,1119.1972504217308,False,1.48210391383712,Buscar o Dejar a alguien
media,con auto,3861.729498897644,False,1.48210391383712,Buscar o Dejar a alguien
media,con auto,1119.4959389057929,False,1.48210391383712,Trámites
media,sin auto,773.4779313927208,True,1.48210391383712,De compras
media,sin auto,517.3393177853028,True,1.48210391383712,Trámites
baja,con auto,1151.6823987785217,True,1.48210391383712,Trámites
baja,con auto,988.968216773958,True,1.48210391383712,De compras
baja,sin auto,1510.3563169337103,False,1.0,Trámites
alta,sin auto,1357.9524165540558,False,1.48210391383712,De compras
media,sin auto,526.6071985850198,True,1.48210391383712,De salud
media,sin auto,777.5060389636855,True,1.48210391383712,De compras
media,sin auto,413.62253040211675,True,1.48210391383712,De compras
media,sin auto,838.6182925652171,True,1.48210391383712,Trámites
alta,sin auto,1468.9420622429473,True,1.48210391383712,De compras
media,sin auto,662.6568800103112,True,1.48210391383712,De compras
baja,sin auto,2077.147445124939,False,1.48210391383712,De salud
baja,sin auto,732.8800315365401,False,1.0,Trámites
baja,con auto,1131.5462043151397,False,1.12721985301036,Trámites
baja,con auto,553.0400367302195,True,1.48210391383712,Trámites
baja,con auto,1368.0483107931761,False,1.12721985301036,Trámites
alta,sin auto,2930.4595735993357,False,1.48210391383712,Trámites
alta,sin auto,610.2284800397,False,1.48210391383712,Trámites
alta,sin auto,4904.931313627771,False,1.0,Trámites
media,sin auto,292.8084978381775,True,1.48210391383712,De compras
alta,con auto,604.6197160005307,True,1.48210391383712,Recreación
alta,sin auto,1324.7901956536364,True,1.48210391383712,Trámites
baja,sin auto,9707.499719983336,False,1.48210391383712,Recreación
alta,con auto,6274.213626103001,False,1.12721985301036,De salud
alta,sin auto,176.82584343429554,True,1.48210391383712,Trámites
alta,sin auto,304.41019432050894,True,1.48210391383712,De compras
alta,sin auto,2665.5062328831764,False,1.0,Visitar a alguien
alta,sin auto,440.1475083441488,True,1.48210391383712,De compras
alta,sin auto,2808.495705694821,False,1.05276355601825,De compras
media,sin auto,1059.1136961106029,False,1.12721985301036,Trámites
media,sin auto,1059.1136961106029,False,1.12721985301036,Trámites
media,sin auto,1734.2748664787828,False,1.48210391383712,Trámites
media,con auto,122.6165939078496,True,1.48210391383712,De compras
media,sin auto,2142.570025110031,False,1.12721985301036,Trámites
media,sin auto,696.5470255403167,True,1.48210391383712,De compras
media,sin auto,3189.293035059112,False,1.12721985301036,De compras
alta,sin auto,619.9892671702067,True,1.48210391383712,Trámites
alta,sin auto,5834.659641640553,True,1.48210391383712,Buscar o Dejar a alguien
baja,sin auto,10628.844052418164,False,1.12721985301036,Visitar a alguien
media,sin auto,4396.153190685757,False,1.0,Trámites
media,sin auto,3139.5052209267883,False,1.12721985301036,Trámites
baja,sin auto,471.8424160935513,True,1.48210391383712,Trámites
alta,sin auto,2928.9411482650175,False,1.0,De compras
baja,sin auto,654.6718643717629,True,1.48210391383712,De salud
baja,sin auto,1063.2299422778922,True,1.48210391383712,Recreación
media,sin auto,1582.1765121581725,True,1.48210391383712,Trámites
media,con auto,1544.522322306014,False,1.12721985301036,Trámites
media,con auto,2016.04120218468,False,1.12721985301036,Visitar a alguien
media,sin auto,1227.9294154852967,False,1.48210391383712,De compras
media,sin auto,4111.953875331235,False,1.12721985301036,De compras
baja,sin auto,635.9371160932502,True,1.48210391383712,De compras
media,sin auto,925.2355633330627,True,1.48210391383712,De compras
media,sin auto,203.14732809973776,True,1.48210391383712,De compras
media,sin auto,1691.0243763489188,False,1.48210391383712,Buscar o Dejar a alguien
baja,sin auto,4173.817637709099,False,1.5058778792911116,Buscar o Dejar a alguien
baja,sin auto,1164.2068723390885,True,1.48210391383712,Trámites
media,sin auto,2478.169614983002,False,1.0,Trámites
media,sin auto,950.0028474463905,True,1.48210391383712,De compras
alta,sin auto,2146.182359382949,False,1.12721985301036,Trámites
alta,sin auto,567.6834264414014,True,1.48210391383712,De compras
alta,sin auto,2221.0769101102737,False,1.0,Trámites
alta,sin auto,591.9791231340532,True,1.48210391383712,Visitar a alguien
alta,sin auto,679.8338491866965,True,1.48210391383712,Trámites
alta,sin auto,679.8338491866965,True,1.48210391383712,Trámites
baja,sin auto,1302.0720761180044,False,1.12721985301036,De compras
alta,sin auto,1154.6493147441186,False,1.12721985301036,De compras
alta,sin auto,1519.2738615556611,False,1.0430735418982884,Trámites
alta,sin auto,1449.0956878343127,False,1.12721985301036,De compras
alta,sin auto,1449.0956878343127,False,1.12721985301036,De compras
media,con auto,3640.2378314783996,False,1.0,Trámites
media,sin auto,1056.9496467022743,True,1.14387994007037,Trámites
media,sin auto,637.9736789547532,True,1.48210391383712,Trámites
media,sin auto,748.2315217606446,False,1.48210391383712,De salud
media,sin auto,3000.8821645684457,False,1.0,De compras
media,sin auto,1379.7987681633144,False,1.12721985301036,Trámites
media,sin auto,1379.7987681633144,False,1.12721985301036,Trámites
alta,sin auto,1076.8157358184594,True,1.48210391383712,Buscar o dejar algo
alta,sin auto,94.39827941361008,True,1.48210391383712,De compras
alta,sin auto,728.6669764028009,False,1.48210391383712,Trámites
alta,sin auto,6832.988062359802,False,1.12721985301036,Trámites
alta,sin auto,6832.988062359802,False,1.12721985301036,Trámites
media,con auto,6308875.163409575,True,1.48210391383712,Trámites
media,con auto,1812.6292033690315,False,1.0,Trámites
media,sin auto,2346.0365854257793,True,1.48210391383712,Visitar a alguien
media,sin auto,683.8500733724918,True,1.48210391383712,Trámites
media,sin auto,683.8500733724918,True,1.48210391383712,Visitar a alguien
media,con auto,2904.782839512545,False,1.12721985301036,De compras
alta,sin auto,521.4712360236181,True,1.48210391383712,Trámites
alta,sin auto,2514.3152428892045,False,1.12721985301036,De compras
baja,sin auto,920.0760546221505,True,1.48210391383712,Trámites
baja,sin auto,3088.3487840452967,True,1.48210391383712,Trámites
baja,sin auto,1834.0455038401446,False,0.817907347175127,De salud
media,sin auto,6984.01132162778,False,1.0,De compras
media,sin auto,3793.952396269127,False,1.12721985301036,Visitar a alguien
baja,sin auto,4006.0193138780623,False,1.12721985301036,Trámites
media,sin auto,1234.9486831443644,True,1.48210391383712,Trámites
media,sin auto,2144.5528416490465,False,1.0,Trámites
media,sin auto,547.4130933093969,True,1.48210391383712,Trámites
media,sin auto,86.08573578851492,True,1.48210391383712,De compras
media,con auto,1860.4124650300166,False,1.12721985301036,Trámites
media,con auto,1412.447216934141,True,1.48210391383712,De compras
alta,sin auto,1304.8434955394316,False,1.48210391383712,Trámites
alta,sin auto,4030.1038220381183,False,1.0,De compras
media,sin auto,419.3350577104185,True,1.48210391383712,De compras
media,sin auto,528.2247723803287,True,1.48210391383712,De compras
baja,sin auto,1099.6506942725323,True,1.48210391383712,De compras
baja,sin auto,250.66474123817255,True,1.48210391383712,De compras
alta,con auto,1823.2765149587158,False,1.48210391383712,Trámites
alta,con auto,1.0121334212938529,False,1.48210391383712,De compras
media,sin auto,2996.4560566465952,False,1.48210391383712,De salud
media,sin auto,2182.799639591679,False,1.12721985301036,Trámites
alta,sin auto,271.4807845985605,True,1.48210391383712,De compras
alta,sin auto,424.43109096361275,True,1.48210391383712,De compras
media,sin auto,3245.8370888303316,False,0.817907347175127,Buscar o Dejar a alguien
media,sin auto,3245.8370888303316,False,1.12721985301036,Buscar o Dejar a alguien
media,sin auto,586.2726882936494,True,1.48210391383712,Trámites
alta,sin auto,3027.288060939403,False,1.0,De compras
media,sin auto,476.2578247388698,True,1.48210391383712,De salud
media,sin auto,480.823268597725,True,1.48210391383712,De salud
alta,sin auto,10372.657099918999,False,1.12721985301036,De salud
baja,con auto,636.3683775252056,True,1.48210391383712,De compras
media,sin auto,3428.373489740616,False,1.05276355601825,De salud
alta,sin auto,7564.826833155204,False,1.12721985301036,Trámites
alta,sin auto,467.532351821775,True,1.48210391383712,De compras
alta,sin auto,2568.4524523533623,False,1.12721985301036,Trámites
media,con auto,3088.5157465361194,False,1.48210391383712,De salud
media,con auto,5142.778720950013,False,1.12721985301036,Trámites
baja,sin auto,13466.815146153305,False,0.817907347175127,De salud
baja,sin auto,2160.181583260132,False,1.12721985301036,Trámites
media,sin auto,6308752.338622553,True,1.48210391383712,De compras
media,sin auto,6308752.338622553,True,1.48210391383712,Recreación
media,sin auto,940.3126646103212,True,1.48210391383712,Trámites
alta,sin auto,223.60304400670063,True,1.48210391383712,De compras
media,sin auto,624.4704037472472,True,1.48210391383712,Trámites
alta,sin auto,1313.4979126749927,False,1.12721985301036,De compras
alta,sin auto,1221.7795678844855,False,1.48210391383712,De salud
media,sin auto,3492.001541469448,False,1.12721985301036,Trámites
media,con auto,1477.087138607287,True,1.48210391383712,Trámites
media,con auto,402.7890957611222,True,1.48210391383712,Trámites
media,sin auto,311.49398224775143,True,1.48210391383712,Trámites
media,sin auto,2480.556956896223,False,1.12721985301036,Trámites
alta,sin auto,5785.427175458962,False,1.05276355601825,Visitar a alguien
alta,sin auto,701.2879285921457,True,1.48210391383712,De compras
media,sin auto,1969.648705839207,True,1.48210391383712,De compras
media,sin auto,6407.181403328319,False,1.12721985301036,Trámites
media,sin auto,397.5470294506047,True,1.48210391383712,De compras
media,sin auto,230.22114241325121,True,1.48210391383712,De compras
baja,sin auto,486.3296247466835,True,1.48210391383712,De compras
alta,sin auto,11991.590287735246,False,1.0,Visitar a alguien
media,sin auto,1274.6129866061306,False,1.12721985301036,De salud
media,sin auto,998.048087694958,True,1.48210391383712,Buscar o Dejar a alguien
alta,sin auto,3452.2325769891286,False,1.0,De compras
baja,sin auto,1760.476552359119,False,1.0,De compras
baja,sin auto,1760.476552359119,False,1.0,De compras
alta,sin auto,618.7976504694911,True,1.48210391383712,De compras
baja,sin auto,5040.042002960051,False,0.817907347175127,Visitar a alguien
baja,sin auto,2985.5206990953125,False,1.48210391383712,Comer o Tomar algo
alta,sin auto,4454.162776005863,False,1.12721985301036,Trámites
media,con auto,1569.1032470809562,True,1.48210391383712,Recreación
alta,con auto,1666.7982781368596,False,1.48210391383712,Trámites
media,con auto,3881.696206738267,False,1.48210391383712,Buscar o Dejar a alguien
media,con auto,3881.696206738267,False,1.48210391383712,Buscar o Dejar a alguien
media,con auto,6423.8321981782465,False,1.14387994007037,Visitar a alguien
alta,sin auto,1691.9330337294678,False,0.817907347175127,De salud
media,sin auto,675.6902901211934,True,1.48210391383712,Trámites
media,sin auto,390.4193458641618,True,1.48210391383712,Recreación
media,con auto,2260.509238335814,False,1.0430735418982884,Buscar o Dejar a alguien
baja,sin auto,3461.7430405658724,False,1.12721985301036,Trámites
baja,sin auto,1015.1684863430614,True,1.48210391383712,De compras
media,sin auto,722.8845814955956,True,1.48210391383712,De compras
baja,con auto,14934.110715679191,False,1.48210391383712,Trámites
baja,con auto,3427.4983704010074,False,1.14387994007037,Visitar a alguien
baja,con auto,10815.30478691142,False,1.48210391383712,Trámites
baja,con auto,3075.949379771075,False,1.14387994007037,De salud
baja,con auto,3634.9571321459985,False,1.14387994007037,De compras
baja,con auto,3634.9571321459985,False,1.48210391383712,De compras
baja,con auto,3626.6668775371413,False,1.48210391383712,De compras
baja,con auto,1780.180734164108,False,1.48210391383712,Trámites
baja,con auto,2526.8674516412734,False,1.48210391383712,De compras
baja,con auto,7135.45484990544,False,1.48210391383712,Recreación
baja,con auto,4077.468275785731,False,1.48210391383712,Trámites
baja,con auto,5186.5376608317965,False,1.48210391383712,Trámites
baja,con auto,1176.1253935725774,False,1.48210391383712,Trámites
baja,con auto,5676.1304160493,False,1.48210391383712,Trámites
baja,con auto,2606.264281285812,False,1.48210391383712,Trámites
baja,con auto,1176.1253935725774,False,1.48210391383712,Trámites
baja,con auto,5676.1304160493,False,1.48210391383712,Trámites
baja,con auto,2606.264281285812,False,1.48210391383712,Trámites
baja,con auto,4391.140350649426,False,1.48210391383712,Trámites
baja,con auto,5670.136747500149,False,1.14387994007037,Buscar o Dejar a alguien
baja,sin auto,1652.374662240396,False,1.0,Trámites
baja,con auto,7550.054264084795,False,1.0430735418982884,Buscar o Dejar a alguien
baja,con auto,20953.358883854995,False,1.0430735418982884,Buscar o Dejar a alguien
baja,con auto,7550.054264084795,False,1.48210391383712,Buscar o Dejar a alguien
baja,con auto,2006.1919812483052,False,1.48210391383712,De compras
baja,con auto,833.2021086784706,False,1.48210391383712,Recreación
baja,sin auto,8763.776402722406,False,1.0,Visitar a alguien
baja,con auto,1812.474975042759,False,1.48210391383712,Comer o Tomar algo
baja,con auto,1677.0464003438456,False,1.48210391383712,De compras
baja,con auto,2867.3990339202114,False,1.48210391383712,Visitar a alguien
baja,con auto,1359.0630044262114,False,1.48210391383712,De compras
baja,con auto,1883.89371781931,False,1.48210391383712,De salud
baja,con auto,4548.94116124583,False,1.48210391383712,Buscar o Dejar a alguien
baja,con auto,1883.89371781931,False,1.48210391383712,De salud
baja,con auto,4555.795790545956,False,1.48210391383712,Buscar o Dejar a alguien
baja,con auto,8341.357579292773,False,1.12721985301036,Trámites
baja,con auto,20290.39543580672,False,1.14387994007037,De compras
baja,con auto,7171.506648560787,False,1.12721985301036,De salud
baja,con auto,1297.4558492157112,False,1.48210391383712,De compras
baja,con auto,1001.5430926356838,False,1.48210391383712,De compras
baja,con auto,6315119.669360908,False,1.48210391383712,De compras
baja,con auto,8019.895831094164,False,1.48210391383712,De salud
baja,con auto,5392.974547747862,False,1.0,Visitar a alguien
baja,con auto,1223.0892468107397,False,1.48210391383712,De compras
baja,con auto,1390.32660035837,False,1.48210391383712,Trámites
baja,con auto,4040.025382930974,False,1.48210391383712,De compras
baja,con auto,1390.32660035837,False,1.48210391383712,Trámites
baja,con auto,4040.025382930974,False,1.48210391383712,De compras
baja,con auto,612.2063143165566,False,1.48210391383712,Trámites
baja,con auto,7724.3159087901795,False,1.48210391383712,De compras
baja,con auto,3122.470506891338,False,1.48210391383712,De compras
baja,con auto,646.9574011526956,False,1.48210391383712,Buscar o Dejar a alguien
baja,con auto,1240.408104466026,True,1.48210391383712,De compras
baja,con auto,8204.822888154049,False,1.48210391383712,De salud
baja,con auto,878.1202424248345,False,1.14387994007037,Buscar o Dejar a alguien
baja,con auto,14120.55592091278,False,1.12721985301036,De compras
baja,sin auto,1898.1712910061622,False,1.14387994007037,Comer o Tomar algo
baja,con auto,5953.64161800364,False,1.12721985301036,Trámites
baja,con auto,1656.6822552096592,False,1.14387994007037,De compras
baja,con auto,7813.573277339348,False,1.48210391383712,Buscar o Dejar a alguien
baja,con auto,1188.8574252361225,False,1.0430735418982884,Recreación
baja,con auto,2510.8131930960135,False,1.48210391383712,Visitar a alguien
baja,con auto,871.0628228814785,False,1.48210391383712,De compras
baja,con auto,984.3691869868045,False,1.48210391383712,De compras
baja,con auto,3451.3227175934394,False,1.48210391383712,Comer o Tomar algo
baja,con auto,625.0385870900792,False,1.14387994007037,De compras
baja,con auto,2462.801873153066,False,1.14387994007037,De compras
baja,con auto,763.5019396924034,False,1.14387994007037,Buscar o Dejar a alguien
baja,sin auto,7870.840958347561,False,1.0,Visitar a alguien
baja,con auto,686.2390147401724,False,1.48210391383712,De salud
baja,con auto,686.2390147401724,False,1.48210391383712,De salud
baja,con auto,719.36287185693,False,1.48210391383712,De salud
baja,con auto,719.36287185693,False,1.48210391383712,Buscar o Dejar a alguien
alta,sin auto,4359.651636383921,False,1.0,Trámites
alta,sin auto,306.1693659791301,True,1.48210391383712,De compras
media,sin auto,1021.9739650090163,False,0.817907347175127,De salud
media,sin auto,317.411109603933,True,1.48210391383712,De compras
alta,sin auto,264.82745156339536,True,1.48210391383712,De compras
alta,con auto,221.383751944446,True,1.48210391383712,De compras
baja,con auto,7785.781929260542,False,1.48210391383712,Trámites
alta,sin auto,5857.226140631758,False,1.0,De compras
baja,sin auto,141.5773998781232,True,1.48210391383712,De compras
baja,con auto,1424.0019287782102,True,1.48210391383712,Trámites
baja,sin auto,1790.6588481203119,True,1.48210391383712,Trámites
alta,con auto,597.9621676212049,True,1.48210391383712,Trámites
alta,con auto,421.88416656708034,True,1.48210391383712,De compras
alta,sin auto,351.031070562137,True,1.48210391383712,De compras
baja,sin auto,532.5795751868917,True,1.48210391383712,De compras
alta,con auto,865.0246615207352,True,1.48210391383712,De compras
baja,sin auto,118.67557289334019,True,1.48210391383712,De compras
baja,sin auto,1497.1985613894246,False,1.48210391383712,Trámites
baja,sin auto,911.5765966727988,True,1.48210391383712,Visitar a alguien
baja,sin auto,5510.250434204987,False,1.48210391383712,Recreación
baja,sin auto,371.39109797658045,True,1.48210391383712,De compras
