purpose_group,vuln_group,dist_m,w
social_recreacion,todas,2350.732575310301,0.817907347175127
social_recreacion,todas,2350.732575310301,1.0
compras_tramites,alta,7448.518812554384,1.0
compras_tramites,alta,7448.518812554384,1.0
compras_tramites,media,6783.758139347545,1.0
salud,todas,5865.094853506207,1.0
salud,todas,8000.6471623614025,1.42042823117339
compras_tramites,media,5201.036943260089,1.0
compras_tramites,alta,197.64663267116393,1.48210391383712
compras_tramites,media,7899.831941015522,1.12721985301036
compras_tramites,alta,445.8448101375214,1.48210391383712
compras_tramites,media,988.4881310143537,1.48210391383712
compras_tramites,baja,5080.99766910757,1.0
compras_tramites,media,2582.888584216625,1.0
compras_tramites,media,714.2033265125293,1.14387994007037
compras_tramites,media,2582.888584216625,1.0
compras_tramites,media,714.2033265125293,1.14387994007037
compras_tramites,baja,6915.076075777407,1.12721985301036
salud,todas,9355.938426884619,0.817907347175127
compras_tramites,alta,430.6814923485365,1.48210391383712
compras_tramites,media,2651.6959085472545,1.0
compras_tramites,media,8643.347836134228,1.48210391383712
compras_tramites,media,2017.4206306510703,1.14387994007037
compras_tramites,media,2857.6912036861154,1.0
salud,todas,11951.398372680078,1.5058778792911116
salud,todas,7516.841002718911,0.817907347175127
compras_tramites,alta,1534.767624155608,1.48210391383712
compras_tramites,alta,9007.86343291108,1.0
compras_tramites,alta,4202.861811927231,1.0
compras_tramites,alta,3124.603694870759,1.48210391383712
social_recreacion,todas,216.0364575171573,1.48210391383712
compras_tramites,alta,119.26539880268082,1.48210391383712
salud,todas,5153.706324472345,1.0
social_recreacion,todas,616.458433310795,1.48210391383712
compras_tramites,media,715.6710820315783,1.48210391383712
salud,todas,5402.802588793761,1.0
compras_tramites,alta,3542.8563347656454,1.0
social_recreacion,todas,17898.8767524669,1.0
compras_tramites,alta,1142.1565954266352,1.0
compras_tramites,media,11455.782661123869,1.0
compras_tramites,media,4407.63260045855,1.0
compras_tramites,media,11041.261183199364,1.0
compras_tramites,media,9823.288820451122,1.0
compras_tramites,alta,8597.492505994116,1.48210391383712
compras_tramites,media,1644.3431371034035,1.0
compras_tramites,media,776.7576848519508,1.0
salud,todas,6348.409868033023,1.12721985301036
compras_tramites,alta,7604.765842261351,1.12721985301036
social_recreacion,todas,309.5109044928789,1.48210391383712
compras_tramites,alta,2639.4626465438,1.0
compras_tramites,alta,5965.596045061345,1.0
compras_tramites,alta,7436.942838965421,1.0
compras_tramites,alta,541.5544755608618,1.48210391383712
compras_tramites,alta,2934.8514868728876,1.48210391383712
compras_tramites,baja,11688.666755264478,1.12721985301036
compras_tramites,alta,612.3967395419104,1.48210391383712
compras_tramites,alta,8234.785301506898,1.48210391383712
compras_tramites,media,6969.925995224501,1.0
compras_tramites,media,3077.729936576632,1.48210391383712
salud,todas,9597.261980200476,0.817907347175127
compras_tramites,alta,1553.8037453621878,1.48210391383712
social_recreacion,todas,2308.448925448915,1.0
compras_tramites,alta,3761.8113771046606,1.0
salud,todas,6508.555798863067,1.0
compras_tramites,alta,9796.018737102142,1.0
compras_tramites,alta,6952.5129663921925,1.0
social_recreacion,todas,774.6644838250944,1.0
social_recreacion,todas,405.64348956318776,1.48210391383712
social_recreacion,todas,405.64348956318776,1.48210391383712
compras_tramites,alta,971.1444646853847,1.48210391383712
compras_tramites,media,5752.792573995178,1.0
salud,todas,6881.318226912563,0.817907347175127
social_recreacion,todas,667.3300374674063,1.48210391383712
social_recreacion,todas,3851.555235921142,1.0
social_recreacion,todas,2068.0440697465956,1.48210391383712
compras_tramites,baja,250.62125932370543,1.48210391383712
compras_tramites,media,5743.158799824361,1.0
compras_tramites,media,5743.158799824361,1.0
compras_tramites,media,5743.158799824361,1.0
compras_tramites,alta,7524.169057176783,1.0
compras_tramites,alta,8934.054668094437,1.0
salud,todas,3583.855509433939,1.0
compras_tramites,baja,8324.623363817373,1.0
compras_tramites,media,8326.279821153998,1.0
social_recreacion,todas,8424.228262363637,1.48210391383712
salud,todas,4666.350394044579,0.817907347175127
salud,todas,4665.186217227159,1.0
compras_tramites,media,4984.1194280089485,1.0
salud,todas,3458.833024392042,1.0
compras_tramites,alta,4589.896774374568,1.0
compras_tramites,alta,5924.1207978517,1.0
compras_tramites,alta,5924.055371774606,1.0
compras_tramites,alta,2060.832181965956,1.0
compras_tramites,alta,4674.037628636108,1.0
compras_tramites,alta,4674.037628636108,1.0
compras_tramites,media,165.27628384012027,1.48210391383712
salud,todas,3465.8678940186196,1.0
salud,todas,972.7099232178947,1.0
salud,todas,972.7099232178947,1.0
salud,todas,4658.179855104352,1.0
salud,todas,4658.179855104352,1.0
salud,todas,3112.5986756446773,0.817907347175127
compras_tramites,baja,162.09148470558995,1.48210391383712
compras_tramites,alta,6451.865797242299,1.0
salud,todas,3013.9814810585785,1.48210391383712
salud,todas,3947.467594195874,1.0
compras_tramites,alta,6085.482534101266,1.12721985301036
salud,todas,3149.6823229258475,0.817907347175127
compras_tramites,media,7694.341479663095,1.12721985301036
compras_tramites,media,130.3572015655445,1.0
compras_tramites,alta,1810.6014779387713,1.0
compras_tramites,alta,1810.6014779387713,1.0
compras_tramites,media,8810.463281539262,1.0
salud,todas,5948.382033248752,1.42042823117339
compras_tramites,baja,5788.949322105545,1.0
compras_tramites,alta,1172.029436490398,1.48210391383712
compras_tramites,alta,6433.26354359038,1.48210391383712
compras_tramites,alta,7717.431606093219,1.0
compras_tramites,alta,7285.158166018515,1.0
compras_tramites,alta,1193.3040266419953,1.48210391383712
compras_tramites,alta,5712.947795632742,1.0
compras_tramites,media,77.33571296626158,1.48210391383712
compras_tramites,media,3811.495363663265,1.0
compras_tramites,alta,5545.764998884425,1.0
compras_tramites,alta,5030.180500555031,1.0
compras_tramites,baja,12535.188019981553,1.0
compras_tramites,media,1885.4679212934286,1.12721985301036
compras_tramites,media,5074.647752650086,1.0
salud,todas,3631.0291434557503,1.0430735418982884
compras_tramites,media,7403.154486275175,1.0
compras_tramites,media,6655.839808957244,1.48210391383712
compras_tramites,media,7663.189799956429,1.0
social_recreacion,todas,3354.1470368376163,1.0
compras_tramites,baja,4987.44869647799,1.0
salud,todas,3069.310071727236,1.0
compras_tramites,media,5162.762600104625,1.0
compras_tramites,alta,5504.173053238788,1.0
compras_tramites,alta,6974.416313223369,1.0
salud,todas,3317.557989790834,1.0
compras_tramites,alta,2715.588133380364,1.48210391383712
compras_tramites,alta,1254.83265816602,1.0
compras_tramites,alta,6782.157363906345,1.0
compras_tramites,alta,7856.969322739943,1.0
salud,todas,4580.412999937887,1.0
salud,todas,3400.523296701002,0.817907347175127
compras_tramites,alta,1405.1739897273399,1.48210391383712
compras_tramites,alta,720.7657826760109,1.48210391383712
compras_tramites,alta,50.288891976757654,1.48210391383712
salud,todas,1186.5340779615487,1.14387994007037
social_recreacion,todas,1584.9588519895399,1.48210391383712
salud,todas,633.6824051723387,1.48210391383712
compras_tramites,alta,619.090929590769,1.48210391383712
compras_tramites,alta,713.0175313412707,1.48210391383712
compras_tramites,media,1330.5867629692784,1.48210391383712
compras_tramites,media,442.27798102550844,1.48210391383712
compras_tramites,alta,15547.433566881757,1.0
compras_tramites,baja,457.6029938713251,1.48210391383712
social_recreacion,todas,2974.7504681327896,1.48210391383712
salud,todas,11640.546987700001,1.0
social_recreacion,todas,10711.589497478888,1.0
compras_tramites,baja,1436.299452817574,1.14387994007037
compras_tramites,baja,581.1729527228212,1.48210391383712
compras_tramites,baja,1436.299452817574,1.14387994007037
compras_tramites,baja,581.1729527228212,1.48210391383712
salud,todas,1082.8383028130575,1.0430735418982884
social_recreacion,todas,305.0029777006284,1.14387994007037
social_recreacion,todas,15779.089712566647,1.0
social_recreacion,todas,15779.089712566647,1.0
compras_tramites,media,1161.7041567677902,1.0
compras_tramites,media,2367.653352882145,1.0
compras_tramites,media,13689.004494940456,1.0
compras_tramites,alta,1714.2438486563835,1.48210391383712
social_recreacion,todas,1754.1446555675645,1.48210391383712
salud,todas,455.3060279653263,1.48210391383712
compras_tramites,baja,12353.412740174335,1.12721985301036
compras_tramites,baja,776.4229779089488,1.48210391383712
salud,todas,15153.65977044742,1.0
compras_tramites,alta,79.11868063232602,1.48210391383712
compras_tramites,baja,2378.5671763690007,1.48210391383712
social_recreacion,todas,2378.5671763690007,1.48210391383712
social_recreacion,todas,167.51832922101391,1.48210391383712
compras_tramites,media,3040.3027912528714,1.14387994007037
social_recreacion,todas,3195.5221428782183,1.48210391383712
compras_tramites,baja,2138.842997548923,1.0
compras_tramites,alta,125.04986895859787,1.48210391383712
compras_tramites,alta,125.04986895859787,1.48210391383712
compras_tramites,media,10856.246509066796,1.12721985301036
salud,todas,10713.196514696256,1.0430735418982884
compras_tramites,media,8077.84028318368,1.48210391383712
social_recreacion,todas,2372.7008330516646,1.14387994007037
salud,todas,10713.196514696256,1.0430735418982884
compras_tramites,media,8077.84028318368,1.48210391383712
compras_tramites,baja,4898.696261506729,1.0
compras_tramites,baja,4898.696261506729,1.0
compras_tramites,media,300.7926053051338,1.48210391383712
compras_tramites,media,198.9340735645857,1.48210391383712
compras_tramites,media,514.2866883865092,1.48210391383712
compras_tramites,baja,2001.696378231474,1.0
salud,todas,4878.969262303258,1.0
compras_tramites,alta,355.02632494823536,1.48210391383712
compras_tramites,baja,1034.5728780704926,1.48210391383712
compras_tramites,alta,5788.128751281043,1.48210391383712
compras_tramites,media,3174.1398299627963,1.48210391383712
compras_tramites,media,2783.8222011923754,1.48210391383712
compras_tramites,alta,2948.6718733026655,1.0
social_recreacion,todas,670.9047791275972,1.48210391383712
social_recreacion,todas,7622.557935335032,1.0
social_recreacion,todas,1329.242192252436,1.48210391383712
compras_tramites,alta,277.3942383622315,1.48210391383712
social_recreacion,todas,9752.648775621165,0.817907347175127
compras_tramites,media,6002.873194956442,1.12721985301036
compras_tramites,media,679.876505330196,1.12721985301036
social_recreacion,todas,3194.1384303908935,1.0
compras_tramites,alta,548.0288051636178,1.12721985301036
compras_tramites,alta,783.589738898009,1.12721985301036
compras_tramites,alta,444.51353765239816,1.48210391383712
compras_tramites,media,2632.1453353502825,1.12721985301036
compras_tramites,media,513.0535434791991,1.48210391383712
compras_tramites,media,1707.1823460017386,1.0
compras_tramites,media,89.04056747488754,1.48210391383712
compras_tramites,media,134.5253228949851,1.48210391383712
compras_tramites,media,1019.3733258914824,1.48210391383712
compras_tramites,alta,227.85296279892873,1.48210391383712
compras_tramites,alta,7373.907274979799,1.12721985301036
social_recreacion,todas,3376.300907989254,1.05276355601825
compras_tramites,alta,956.5214831127684,1.0
social_recreacion,todas,1906.0887557316323,1.0
salud,todas,1528.4118710793402,1.0
compras_tramites,media,85.03124425762567,1.48210391383712
compras_tramites,media,6782.620525387385,1.0
compras_tramites,media,637.4433989885396,1.48210391383712
social_recreacion,todas,7040.164363606972,1.0
social_recreacion,todas,285.36703510840647,1.14387994007037
compras_tramites,media,735.3748220508029,1.48210391383712
compras_tramites,media,1317.3736716000515,1.48210391383712
compras_tramites,media,1317.3736716000515,1.48210391383712
compras_tramites,media,11019.738868169983,1.48210391383712
salud,todas,9729.661158026009,1.12721985301036
salud,todas,947.5325321138386,1.14387994007037
salud,todas,948.7610799954131,1.14387994007037
compras_tramites,alta,63.270755302608016,1.48210391383712
compras_tramites,media,411.54880031299143,1.48210391383712
social_recreacion,todas,3838.7633282901147,1.0
compras_tramites,media,411.54880031299143,1.48210391383712
compras_tramites,media,131.27965438806578,1.48210391383712
salud,todas,2676.608990584273,1.12721985301036
compras_tramites,media,8435.785367446531,1.12721985301036
compras_tramites,alta,3317.248866159888,1.48210391383712
compras_tramites,media,7516.337025068398,1.0
compras_tramites,media,391.1377834280396,1.48210391383712
compras_tramites,media,9847.972617786061,1.48210391383712
compras_tramites,alta,1209.047651110679,1.0
compras_tramites,alta,424.0352388529313,1.48210391383712
social_recreacion,todas,740.195289370481,1.48210391383712
salud,todas,224.8573940439807,1.48210391383712
compras_tramites,alta,3014.582491433308,1.0
social_recreacion,todas,552.5847158256031,1.48210391383712
salud,todas,2927.396300902743,1.12721985301036
compras_tramites,media,2583.0844457559356,1.0
compras_tramites,alta,209.50238662125068,1.48210391383712
social_recreacion,todas,1431.2672924719548,1.48210391383712
compras_tramites,media,4726.986543788363,1.12721985301036
compras_tramites,media,2710.8778186874383,1.12721985301036
compras_tramites,alta,405.45321020317806,1.48210391383712
compras_tramites,media,4740.249614442952,1.0
salud,todas,7173.562055387825,1.0
compras_tramites,baja,267.761308190826,1.48210391383712
social_recreacion,todas,2730.414645029041,1.48210391383712
compras_tramites,baja,9582.553378405988,1.0
compras_tramites,alta,5850.258185491822,1.0
compras_tramites,alta,6363.7094801425565,1.0
social_recreacion,todas,9448.850370351362,1.0
compras_tramites,alta,1606.9612931418883,1.48210391383712
compras_tramites,alta,1606.9612931418883,1.48210391383712
compras_tramites,baja,7814.777940903055,1.0
salud,todas,6281.01914322342,1.0
social_recreacion,todas,498.6602372623694,1.14387994007037
compras_tramites,media,7940.060079275219,1.0
compras_tramites,baja,8573.041781292628,1.48210391383712
salud,todas,5802.46866517619,1.0
salud,todas,5802.46866517619,1.0
salud,todas,6424.776910721419,1.0
salud,todas,6398.262264083897,1.0
compras_tramites,alta,10514.847789303778,1.0
salud,todas,566.7508822225158,1.48210391383712
compras_tramites,media,6738.675449701243,1.0
salud,todas,502.59800136546755,1.48210391383712
social_recreacion,todas,8846.168735110079,1.12721985301036
compras_tramites,alta,376.10187205604615,1.14387994007037
compras_tramites,alta,6909.789136799984,1.0
compras_tramites,baja,9174.341226562605,1.12721985301036
salud,todas,287.9927994569699,1.48210391383712
compras_tramites,alta,7946.097881844369,1.0
compras_tramites,baja,6438.3900799259645,1.0
salud,todas,849.7379427147305,1.0
social_recreacion,todas,2732.9958623805237,1.14387994007037
salud,todas,2732.9958623805237,1.0
social_recreacion,todas,605.4370322337411,1.0430735418982884
social_recreacion,todas,4353.113011469493,1.0430735418982884
compras_tramites,media,252.13020569737375,1.48210391383712
compras_tramites,alta,4051.95552916756,1.0
compras_tramites,media,3069.8448276134413,1.0
compras_tramites,alta,3392.4414903760685,1.48210391383712
compras_tramites,media,1995.8240311902657,1.0
compras_tramites,media,381.12572257228976,1.48210391383712
compras_tramites,media,3009.93476102473,1.0
salud,todas,14327.773660496116,1.0
salud,todas,14327.773660496116,1.0
compras_tramites,alta,369.28858972353856,1.48210391383712
compras_tramites,media,1503.0513576684805,1.48210391383712
salud,todas,5051.8318383386,1.0
salud,todas,7731.247117079596,1.0430735418982884
salud,todas,7731.247117079596,1.0430735418982884
compras_tramites,media,161.53812678822916,1.48210391383712
compras_tramites,media,161.53812678822916,1.48210391383712
compras_tramites,media,4100.543655004975,1.0
compras_tramites,media,438.51037014711807,1.48210391383712
compras_tramites,media,715.3097019659125,1.48210391383712
salud,todas,1523.685582364764,1.0
compras_tramites,alta,336.34007999948875,1.48210391383712
compras_tramites,media,656.9081104880652,1.48210391383712
compras_tramites,baja,3974.5415509262275,1.0
compras_tramites,media,2958.5331195926406,1.48210391383712
compras_tramites,media,248.84425232273801,1.48210391383712
compras_tramites,media,2987.0223783019374,1.0
compras_tramites,media,4396.183275367964,1.48210391383712
compras_tramites,alta,318.2253418005274,1.48210391383712
compras_tramites,media,466.1031311912097,1.48210391383712
salud,todas,1205.3925725282406,1.48210391383712
compras_tramites,media,848.6459458491804,1.48210391383712
compras_tramites,media,1149.148931002853,1.48210391383712
compras_tramites,baja,762.8869509960175,1.48210391383712
social_recreacion,todas,480.5834995086702,1.48210391383712
salud,todas,4232.218461107492,1.48210391383712
social_recreacion,todas,9198.682715009048,1.0
salud,todas,1005.8262481195497,1.48210391383712
compras_tramites,alta,1086.9067100211787,1.14387994007037
salud,todas,1598.8371555602528,1.48210391383712
social_recreacion,todas,6523.535116036109,1.0430735418982884
compras_tramites,media,71.2050365252522,1.14387994007037
social_recreacion,todas,874.9614684596473,1.48210391383712
salud,todas,5265.814775882859,1.12721985301036
compras_tramites,baja,9661.149941714448,1.48210391383712
compras_tramites,baja,9661.149941714448,1.48210391383712
compras_tramites,alta,418.57645657633446,1.48210391383712
compras_tramites,alta,418.57645657633446,1.48210391383712
compras_tramites,alta,4989.389698791451,1.48210391383712
compras_tramites,alta,387.10320410066356,1.48210391383712
compras_tramites,alta,4674.945347691912,1.48210391383712
compras_tramites,alta,9602.748975716537,1.12721985301036
social_recreacion,todas,7783.97901542007,1.12721985301036
salud,todas,1093.3455185125893,1.48210391383712
social_recreacion,todas,10687.525640502869,1.48210391383712
social_recreacion,todas,5103.503169162947,1.48210391383712
social_recreacion,todas,1539.6415788768015,1.48210391383712
social_recreacion,todas,13839.654151573162,1.0430735418982884
social_recreacion,todas,13839.654151573162,1.48210391383712
social_recreacion,todas,13839.654151573162,1.0430735418982884
compras_tramites,media,303.05544466163695,1.48210391383712
compras_tramites,baja,962.1401133183514,1.48210391383712
salud,todas,450.4594453600263,1.48210391383712
compras_tramites,baja,1808.5181703970381,1.48210391383712
compras_tramites,alta,9709.030503423412,1.12721985301036
compras_tramites,media,383.74902280005875,1.48210391383712
compras_tramites,media,283.93000898108676,1.48210391383712
compras_tramites,media,437.00087600026615,1.48210391383712
compras_tramites,media,11804.27584093604,1.12721985301036
compras_tramites,media,12421.416456355795,1.12721985301036
salud,todas,901.7968656599237,1.5058778792911116
compras_tramites,media,1836.038654660149,1.14387994007037
salud,todas,1321.9714577691343,1.14387994007037
compras_tramites,media,4587.625245224919,1.0
salud,todas,1321.9714577691343,1.14387994007037
salud,todas,1498.5336012587647,1.48210391383712
compras_tramites,alta,508.71967911027633,1.48210391383712
social_recreacion,todas,2749.935539194794,1.0
salud,todas,4711.70697001512,1.48210391383712
compras_tramites,baja,1293.818089995653,1.48210391383712
compras_tramites,baja,1293.818089995653,1.48210391383712
salud,todas,4515.327818940725,0.817907347175127
compras_tramites,media,285.99005664533166,1.48210391383712
compras_tramites,media,813.9636630259133,1.48210391383712
social_recreacion,todas,14180.355614459711,1.0
compras_tramites,baja,162.6788468933884,1.48210391383712
social_recreacion,todas,12728.028965541218,1.0
compras_tramites,media,12929.655293162305,1.12721985301036
compras_tramites,baja,3116.886917368685,1.48210391383712
compras_tramites,baja,797.4116746739102,1.48210391383712
social_recreacion,todas,11398.137741988889,1.12721985301036
salud,todas,11155.2050025723,1.12721985301036
compras_tramites,media,2540.7776991319506,1.48210391383712
social_recreacion,todas,4544.1764699491,1.48210391383712
social_recreacion,todas,4544.1764699491,1.48210391383712
social_recreacion,todas,4641.932108108547,1.48210391383712
compras_tramites,baja,1959.3885568211228,1.0
compras_tramites,baja,1959.3885568211228,1.0
compras_tramites,media,1282.1316250316306,1.48210391383712
salud,todas,4429.32372271716,0.817907347175127
compras_tramites,alta,2198.7493535477306,1.0
salud,todas,1888.5542347669684,1.0
salud,todas,1011.6741660060627,1.48210391383712
compras_tramites,media,2163.6666515214974,1.0
social_recreacion,todas,4193.1422492984375,1.0
social_recreacion,todas,14296.4963119588,1.12721985301036
compras_tramites,baja,425.0192470366048,1.48210391383712
compras_tramites,alta,37.46875,1.48210391383712
salud,todas,2186.2424691211772,1.0
social_recreacion,todas,18457.05760236214,1.12721985301036
compras_tramites,media,350.2955016504815,1.48210391383712
compras_tramites,media,688.6633800170897,1.48210391383712
salud,todas,7406.677030938031,1.12721985301036
salud,todas,7413.725304502791,1.12721985301036
compras_tramites,baja,1563.6409634247882,1.0
salud,todas,10740.505109165024,1.0
compras_tramites,alta,3476.7886589360373,1.0
compras_tramites,baja,12033.813324986599,1.12721985301036
compras_tramites,baja,3107.2077522471845,1.48210391383712
compras_tramites,baja,1509.92270892058,1.12721985301036
compras_tramites,baja,72.60950781405973,1.48210391383712
compras_tramites,baja,221.74323772454144,1.48210391383712
compras_tramites,baja,1479.4047419908454,1.0
salud,todas,3888.4127054833134,1.12721985301036
salud,todas,10716.444948625176,0.817907347175127
salud,todas,3518.6317232841466,1.0
compras_tramites,media,632.2730602012472,1.48210391383712
compras_tramites,baja,513.2895223838711,1.0
compras_tramites,baja,5480.121622737948,1.48210391383712
social_recreacion,todas,3266.876509589282,1.48210391383712
compras_tramites,baja,856.8710521426196,1.0
compras_tramites,baja,1216.4468145130977,1.48210391383712
compras_tramites,media,8707.44261354412,1.0
social_recreacion,todas,16043.36590310701,1.0
compras_tramites,baja,2194.9564669035153,1.48210391383712
compras_tramites,baja,882.1778537375556,1.48210391383712
compras_tramites,baja,1440.4695415037418,1.48210391383712
salud,todas,10559.621884182883,1.48210391383712
salud,todas,10559.621884182883,1.48210391383712
salud,todas,12955.26992253056,1.0
salud,todas,6603.363175499214,1.0430735418982884
salud,todas,2429.6392288211355,1.0430735418982884
compras_tramites,baja,280.39938731432704,1.48210391383712
compras_tramites,baja,526.3970483760927,1.48210391383712
social_recreacion,todas,4978.798149716958,1.48210391383712
compras_tramites,baja,4515.4408224767,1.0
compras_tramites,baja,720.9352764649283,1.48210391383712
compras_tramites,baja,9802.738597740174,1.12721985301036
social_recreacion,todas,6275.301813272112,1.0
salud,todas,10335.69764031021,1.12721985301036
compras_tramites,baja,424.4552391006618,1.48210391383712
compras_tramites,baja,423.6381501075682,1.48210391383712
social_recreacion,todas,4324.688508585221,1.0
compras_tramites,alta,3639.2025359488102,1.12721985301036
salud,todas,8877.046918880174,1.12721985301036
compras_tramites,media,2478.3682890112523,1.12721985301036
salud,todas,2829.2899679347556,1.48210391383712
compras_tramites,media,1687.8812211176362,1.48210391383712
compras_tramites,media,861.0008444255805,1.48210391383712
compras_tramites,media,214.9309482136065,1.48210391383712
compras_tramites,media,3168.976688143982,1.0
salud,todas,3644.650231846672,1.0
compras_tramites,media,564.4911978941744,1.48210391383712
compras_tramites,baja,5819.156710074601,1.0
salud,todas,5727.417045125059,0.817907347175127
salud,todas,5720.368454810325,0.817907347175127
social_recreacion,todas,4662.757101762761,1.0
salud,todas,9951.882444613493,1.12721985301036
compras_tramites,media,1066.2318012075282,1.48210391383712
compras_tramites,media,6375.9690030252705,1.0
compras_tramites,baja,622.4630393457611,1.14387994007037
compras_tramites,baja,657.4229287350438,1.48210391383712
compras_tramites,alta,1820.0082377153028,1.48210391383712
salud,todas,1660.7955842475767,1.0430735418982884
salud,todas,1660.7955842475767,1.0430735418982884
compras_tramites,alta,361.57487689490057,1.48210391383712
compras_tramites,alta,565.3366288382966,1.14387994007037
salud,todas,1497.6928405806586,1.48210391383712
social_recreacion,todas,107.25786684434853,1.48210391383712
social_recreacion,todas,5282.053437407179,1.48210391383712
social_recreacion,todas,11818.475977951059,1.48210391383712
compras_tramites,media,1318.6961278243984,1.48210391383712
social_recreacion,todas,805.9715028935964,1.48210391383712
compras_tramites,baja,127.21734907727797,1.48210391383712
compras_tramites,media,10339.747730995423,1.0
social_recreacion,todas,9408.883867952936,1.12721985301036
compras_tramites,media,376.40627075549963,1.48210391383712
salud,todas,1650.4975764901928,1.0430735418982884
social_recreacion,todas,1405.4855602802363,1.48210391383712
compras_tramites,baja,1982.0374305185467,1.14387994007037
social_recreacion,todas,1359.281514386024,1.14387994007037
compras_tramites,alta,14037.501845502995,1.0
compras_tramites,alta,984.3231459556677,1.48210391383712
compras_tramites,baja,5343.050773789171,1.48210391383712
compras_tramites,media,9552.716714420907,1.0
compras_tramites,media,476.20428032679683,1.48210391383712
compras_tramites,media,1604.4714910602183,1.48210391383712
compras_tramites,media,10634.479863986722,1.0
compras_tramites,baja,8819.808488090972,1.0
compras_tramites,baja,373.36953879501203,1.48210391383712
salud,todas,3408.3019054811225,1.12721985301036
compras_tramites,baja,4957.803066883556,1.48210391383712
compras_tramites,baja,4957.803066883556,1.48210391383712
compras_tramites,baja,634.2341961964838,1.12721985301036
compras_tramites,baja,752.5494228215596,1.48210391383712
social_recreacion,todas,2947.0552504854845,1.48210391383712
salud,todas,11135.323634336195,1.12721985301036
compras_tramites,baja,326.2134617949572,1.48210391383712
salud,todas,13826.509194297741,1.12721985301036
compras_tramites,baja,12366.044096543415,1.12721985301036
compras_tramites,media,10320.775708993562,1.12721985301036
compras_tramites,media,10320.775708993562,1.12721985301036
compras_tramites,baja,1196.6903072249938,1.48210391383712
social_recreacion,todas,143.55595939062405,1.14387994007037
social_recreacion,todas,143.55595939062405,1.48210391383712
compras_tramites,baja,115.28932693987765,1.48210391383712
compras_tramites,baja,14516.027599132934,1.05276355601825
compras_tramites,alta,11983.371030306957,1.12721985301036
compras_tramites,baja,3223.8197914665707,1.12721985301036
compras_tramites,baja,312.5729477358045,1.48210391383712
compras_tramites,baja,370.93302966977745,1.48210391383712
salud,todas,9547.381532440011,1.12721985301036
compras_tramites,baja,3816.144488080378,1.12721985301036
compras_tramites,baja,3816.144488080378,1.12721985301036
compras_tramites,baja,386.1216665848344,1.48210391383712
compras_tramites,baja,384.53553685135853,1.48210391383712
salud,todas,9515.200734384167,1.12721985301036
compras_tramites,baja,3816.144488080378,1.12721985301036
compras_tramites,baja,3816.144488080378,1.12721985301036
social_recreacion,todas,7094.100813530849,1.48210391383712
social_recreacion,todas,2976.4562627038654,1.0
salud,todas,3777.0789329354766,1.0
salud,todas,3776.5885866134613,1.0
social_recreacion,todas,13795.99558639124,1.12721985301036
compras_tramites,alta,12714.867285884515,1.12721985301036
compras_tramites,alta,12523.95542565951,1.48210391383712
social_recreacion,todas,2989.1817639889455,1.0430735418982884
salud,todas,12278.29692629056,1.12721985301036
salud,todas,14669.612577728973,1.48210391383712
social_recreacion,todas,1942.9143061330735,1.48210391383712
compras_tramites,media,684.6630280028727,1.0
compras_tramites,media,684.6630280028727,1.0
salud,todas,4756.848333853946,1.0
compras_tramites,media,2535.743360560173,1.0
social_recreacion,todas,431.5874449705992,1.48210391383712
compras_tramites,baja,432.38822729297624,1.48210391383712
salud,todas,4041.575476110964,1.48210391383712
salud,todas,4041.575476110964,1.48210391383712
compras_tramites,media,3157.959486466548,1.12721985301036
compras_tramites,media,13202.399556993418,1.12721985301036
compras_tramites,media,818.672591760589,1.14387994007037
compras_tramites,media,2466.220623755925,1.14387994007037
social_recreacion,todas,3157.959486466548,1.12721985301036
compras_tramites,media,14081.40875995861,1.12721985301036
salud,todas,3793.4338306525215,1.0
social_recreacion,todas,13609.335775632338,0.817907347175127
compras_tramites,media,627.0681812261327,1.48210391383712
compras_tramites,baja,509.388849504973,1.48210391383712
compras_tramites,media,5204.391049047549,1.48210391383712
social_recreacion,todas,19234.479528173528,1.12721985301036
social_recreacion,todas,660.3002579615296,1.48210391383712
compras_tramites,media,2636.349700469204,1.0
salud,todas,3685.9761683272673,1.48210391383712
compras_tramites,alta,5350.747149931493,1.48210391383712
salud,todas,9649.604461665855,1.48210391383712
compras_tramites,baja,232.0486209827587,1.48210391383712
compras_tramites,baja,74.6395766751795,1.48210391383712
compras_tramites,baja,74.6395766751795,1.48210391383712
compras_tramites,alta,2969.7217937420605,1.48210391383712
social_recreacion,todas,1402.6682862633854,1.0430735418982884
compras_tramites,baja,653.7871591076583,1.48210391383712
salud,todas,9446.817831451233,1.0
compras_tramites,media,473.586021464488,1.48210391383712
salud,todas,11192.134417192281,1.42042823117339
compras_tramites,media,467.90692517315875,1.48210391383712
compras_tramites,media,1198.0211389679494,1.48210391383712
compras_tramites,alta,631.9885809144419,1.48210391383712
salud,todas,1665.292659151838,1.48210391383712
compras_tramites,baja,1686.443272142959,1.0
salud,todas,1634.2247062827682,1.0
salud,todas,1634.2247062827682,1.0
compras_tramites,baja,5315.176731631467,1.0
compras_tramites,media,5695.010377874791,1.12721985301036
compras_tramites,alta,3364.79139630156,1.48210391383712
compras_tramites,alta,2444.3838662025983,1.48210391383712
compras_tramites,alta,3981.260172671462,1.48210391383712
compras_tramites,baja,2612.295745603855,1.48210391383712
compras_tramites,media,5493.090975208226,1.0
compras_tramites,media,10046.273130154488,1.12721985301036
salud,todas,824.46713852039,0.817907347175127
compras_tramites,media,2447.125664044452,1.48210391383712
compras_tramites,media,2768.6556417330053,1.0
social_recreacion,todas,8316.993703652875,1.0
compras_tramites,baja,3596.8223933218555,1.12721985301036
social_recreacion,todas,7267.971893272996,1.5058778792911116
compras_tramites,baja,1225.9968875017842,1.48210391383712
social_recreacion,todas,13609.559679143049,1.14387994007037
compras_tramites,media,10444.422342212134,1.12721985301036
salud,todas,15215.69633766523,0.817907347175127
compras_tramites,media,1141.8705840260807,1.48210391383712
salud,todas,13484.641022614916,1.0
salud,todas,13234.072527867283,1.48210391383712
compras_tramites,alta,3194.9573182790723,1.14387994007037
compras_tramites,baja,5952.169647752406,1.12721985301036
salud,todas,2169.4465454296314,1.0
compras_tramites,media,341.5150298669152,1.48210391383712
social_recreacion,todas,2335.482802944942,1.48210391383712
compras_tramites,baja,845.9910752567444,1.48210391383712
social_recreacion,todas,2214.932067242695,1.14387994007037
social_recreacion,todas,2153.225240999316,1.48210391383712
compras_tramites,media,1784.7544192168464,1.0
compras_tramites,media,1795.3178625355072,1.48210391383712
compras_tramites,media,10794.774344534213,1.12721985301036
compras_tramites,media,621.0887617724217,1.48210391383712
compras_tramites,media,4300.5039885650685,1.48210391383712
social_recreacion,todas,12818.638198104596,1.12721985301036
compras_tramites,media,14204.099396306556,1.0
social_recreacion,todas,1078.020763529888,1.0
compras_tramites,baja,4643.64882807438,1.0
compras_tramites,media,4248.529433540063,1.48210391383712
compras_tramites,media,5953.120015827966,1.0
compras_tramites,alta,94.45784856881932,1.48210391383712
compras_tramites,alta,94.45784856881932,1.48210391383712
compras_tramites,media,168.56494482839545,1.48210391383712
social_recreacion,todas,2976.1297388817325,1.48210391383712
compras_tramites,media,5824.46406634604,1.48210391383712
compras_tramites,media,5685.768698373708,1.48210391383712
social_recreacion,todas,2976.1297388817325,1.48210391383712
compras_tramites,media,5819.437631982927,1.48210391383712
compras_tramites,media,5668.514293697385,1.48210391383712
compras_tramites,media,1224.987448915294,1.0
compras_tramites,media,649.8390373115965,1.48210391383712
compras_tramites,media,372.3764804120455,1.48210391383712
compras_tramites,media,143.43362263277916,1.48210391383712
compras_tramites,baja,2504.2293056026365,1.0
salud,todas,5509.968900295768,1.0
salud,todas,585.1324669732915,1.48210391383712
social_recreacion,todas,11190.964611748455,1.0
compras_tramites,alta,1575.9826299804195,1.48210391383712
social_recreacion,todas,3878.648844681813,1.48210391383712
social_recreacion,todas,2476.489344345388,1.48210391383712
salud,todas,7240.353523179997,1.12721985301036
compras_tramites,media,6224.904858161614,1.12721985301036
salud,todas,1052.9131356807468,1.48210391383712
compras_tramites,media,2326.4429964271635,1.12721985301036
compras_tramites,baja,173.74429228484746,1.48210391383712
social_recreacion,todas,196.16208221774156,1.48210391383712
social_recreacion,todas,196.57298511383118,1.48210391383712
salud,todas,4895.3747128387995,0.817907347175127
social_recreacion,todas,1474.1825995832614,1.48210391383712
compras_tramites,media,973.4226749473029,1.48210391383712
compras_tramites,media,435.90625,1.48210391383712
compras_tramites,media,1455.1090571376644,1.0
salud,todas,1520.844020653088,1.48210391383712
social_recreacion,todas,4543.785069070306,1.48210391383712
social_recreacion,todas,3051.932172469035,1.0
compras_tramites,media,3513.34310388624,1.48210391383712
compras_tramites,media,1431.9640907601568,1.48210391383712
salud,todas,4608.98570728962,0.817907347175127
salud,todas,2074.6610418274504,1.48210391383712
social_recreacion,todas,1996.8959701559318,1.48210391383712
compras_tramites,media,9960.151514480402,1.12721985301036
compras_tramites,media,2583.509690573864,1.48210391383712
compras_tramites,media,1041.0254264313444,1.48210391383712
compras_tramites,media,2099.710099037484,1.12721985301036
compras_tramites,media,3984.685213904136,1.12721985301036
social_recreacion,todas,2899.579356784198,1.48210391383712
compras_tramites,alta,165.81692888921202,1.48210391383712
compras_tramites,alta,292.3142856611057,1.48210391383712
compras_tramites,media,843.3196964091154,1.48210391383712
compras_tramites,alta,1297.149687777012,1.48210391383712
compras_tramites,baja,4967.5347241213685,1.48210391383712
compras_tramites,baja,565.76105062672,1.48210391383712
compras_tramites,baja,1020.9297309927848,1.0
compras_tramites,media,1735.5455959510255,1.0
compras_tramites,alta,137.4522679935202,1.48210391383712
compras_tramites,alta,8784.666156016188,1.0
salud,todas,2931.3699395771,1.48210391383712
social_recreacion,todas,13706.861304339745,1.0
salud,todas,1726.4059680174446,1.0
salud,todas,1494.763356911074,1.48210391383712
salud,todas,17100.040638686405,1.12721985301036
social_recreacion,todas,6582.807096262321,1.12721985301036
salud,todas,6405.310272615728,1.0
salud,todas,6405.310272615728,1.0
salud,todas,2972.2392652678554,1.0
compras_tramites,baja,217.62131135587342,1.0
social_recreacion,todas,18272.418542908505,1.12721985301036
compras_tramites,media,7160.3746280119,1.0
social_recreacion,todas,464.746168329081,1.48210391383712
compras_tramites,alta,728.9117912436748,1.0
social_recreacion,todas,6008.129280741349,1.0
compras_tramites,alta,1499.35957682772,1.0
compras_tramites,media,12604.45995103426,1.12721985301036
salud,todas,1479.7804788633346,1.0
social_recreacion,todas,3814.371669797211,1.0
social_recreacion,todas,1441.5821064811266,1.0
salud,todas,15133.220257445259,1.0
compras_tramites,alta,128.488360519786,1.48210391383712
social_recreacion,todas,6089.331720777253,1.0
salud,todas,1761.0489461184775,1.48210391383712
compras_tramites,alta,4446.862936122076,1.0
salud,todas,4871.239063790809,1.0
compras_tramites,alta,4569.9982921906,1.0
salud,todas,2532.9696018519944,1.0
salud,todas,2532.9696018519944,1.0
compras_tramites,alta,1131.067668748896,1.0
social_recreacion,todas,1045.2746218847226,0.817907347175127
social_recreacion,todas,10977.511174529227,1.0
salud,todas,3041.573057652744,1.48210391383712
social_recreacion,todas,7056.800479247394,1.0
social_recreacion,todas,14697.78730849052,0.817907347175127
compras_tramites,alta,9553.790278805907,1.0
salud,todas,4147.280257609347,1.0
compras_tramites,baja,705.7089631179414,1.48210391383712
social_recreacion,todas,1564.8453376177667,1.48210391383712
compras_tramites,baja,8119.475513255247,1.48210391383712
compras_tramites,baja,4387.9664994163295,1.48210391383712
compras_tramites,baja,3389.5582308023563,1.48210391383712
compras_tramites,baja,1465.5375430329523,1.14387994007037
compras_tramites,baja,852.3089228677593,1.0
salud,todas,3534.3317354779037,1.0
compras_tramites,baja,4409.7879701189995,1.0
compras_tramites,baja,959.8716141364948,1.48210391383712
compras_tramites,alta,1897.3076033162263,1.0
compras_tramites,baja,7604.451285112967,1.12721985301036
salud,todas,4117.496599877163,1.12721985301036
compras_tramites,baja,5586.81459477637,1.0
compras_tramites,baja,7481.208444172388,1.12721985301036
salud,todas,3998.3152702106922,1.12721985301036
compras_tramites,baja,5079.893828860993,1.12721985301036
salud,todas,5282.915176834188,1.0430735418982884
compras_tramites,baja,4927.801717360896,1.48210391383712
compras_tramites,baja,4114.054133109608,1.48210391383712
social_recreacion,todas,395.8304474949628,1.48210391383712
social_recreacion,todas,5505.291505678877,1.14387994007037
social_recreacion,todas,1091.908854387152,1.48210391383712
compras_tramites,baja,2241.6781244140657,1.48210391383712
social_recreacion,todas,5482.8185444537785,1.48210391383712
compras_tramites,baja,3589.7369294498794,1.0
compras_tramites,alta,1890.7815144409367,1.0
compras_tramites,baja,1004.5077230290467,1.12721985301036
social_recreacion,todas,1218.7972687147615,1.48210391383712
compras_tramites,baja,620.3577478774345,1.48210391383712
compras_tramites,baja,2571.2133628360293,1.48210391383712
compras_tramites,baja,11671.863295886033,1.12721985301036
compras_tramites,baja,9794.649980984517,1.48210391383712
compras_tramites,baja,9794.649980984517,1.48210391383712
salud,todas,6905.213492425601,1.48210391383712
compras_tramites,baja,3395.179892716474,1.48210391383712
salud,todas,9157.321341973113,1.0
compras_tramites,alta,5234.724408580557,1.0
social_recreacion,todas,6325.843716268704,1.48210391383712
social_recreacion,todas,6325.843716268704,1.48210391383712
compras_tramites,baja,912.3452287408808,1.48210391383712
compras_tramites,baja,11948.135409292492,1.0
compras_tramites,baja,920.1269125268807,1.0
salud,todas,4078.598759957464,1.0
salud,todas,6244.252697559297,1.12721985301036
compras_tramites,baja,2788.3707636584127,1.48210391383712
compras_tramites,baja,1267.5785232087203,1.48210391383712
compras_tramites,baja,2335.2346611960784,1.48210391383712
social_recreacion,todas,4839.897051865489,1.48210391383712
compras_tramites,baja,1770.6810089204555,1.48210391383712
salud,todas,2306.15336603103,1.48210391383712
compras_tramites,baja,847.028410920348,1.48210391383712
compras_tramites,baja,2114.1863611627437,1.48210391383712
compras_tramites,baja,1697.5611299859168,1.48210391383712
social_recreacion,todas,167.64491166226907,1.48210391383712
compras_tramites,baja,1149.200517360466,1.48210391383712
social_recreacion,todas,4364.886424751114,1.14387994007037
compras_tramites,baja,425.436247840452,1.48210391383712
social_recreacion,todas,4112.9664278856035,1.48210391383712
compras_tramites,baja,4307.4015736179335,1.0
social_recreacion,todas,2910.9487667522167,1.48210391383712
salud,todas,4738.664504389,1.12721985301036
compras_tramites,baja,1917.094155225559,1.14387994007037
compras_tramites,baja,259.6998267230843,1.48210391383712
social_recreacion,todas,425.436247840452,1.48210391383712
compras_tramites,media,4851.283799563395,1.0430735418982884
compras_tramites,alta,7599.531317785328,1.0
compras_tramites,alta,1045.2217398004896,1.48210391383712
social_recreacion,todas,1016.2814460271635,1.0430735418982884
social_recreacion,todas,571.616151288662,1.0430735418982884
social_recreacion,todas,16619.336616697477,1.12721985301036
compras_tramites,alta,10770.746738852418,1.12721985301036
salud,todas,6783.144257320863,1.12721985301036
compras_tramites,baja,5844.137977177564,1.12721985301036
social_recreacion,todas,6676.828841297084,1.48210391383712
compras_tramites,media,3473.803087485674,1.48210391383712
compras_tramites,media,7231.945345849314,1.0
social_recreacion,todas,4062.132075646975,1.48210391383712
compras_tramites,baja,5581.754149962626,1.48210391383712
compras_tramites,baja,1340.063108136726,1.14387994007037
compras_tramites,baja,7231.857109346119,1.48210391383712
compras_tramites,baja,6001.809263997503,1.48210391383712
compras_tramites,baja,1340.063108136726,1.14387994007037
salud,todas,5325.905653985644,1.0
social_recreacion,todas,2430.573479943828,1.48210391383712
salud,todas,5325.905653985644,1.0
social_recreacion,todas,2450.7599636467994,1.48210391383712
compras_tramites,baja,5183.9696610116325,1.0
social_recreacion,todas,11408.877267970982,1.5058778792911116
social_recreacion,todas,743.5004892661891,1.48210391383712
compras_tramites,baja,1250.4990445224507,1.48210391383712
compras_tramites,baja,2295.3206324311345,1.12721985301036
compras_tramites,baja,7917.8960470885195,1.48210391383712
salud,todas,5808.050335206218,1.48210391383712
compras_tramites,baja,4406.158884807045,1.48210391383712
salud,todas,8981.5157406754,1.12721985301036
salud,todas,5808.050335206218,1.48210391383712
compras_tramites,baja,4406.158884807045,1.48210391383712
compras_tramites,media,8220.762780387611,0.817907347175127
compras_tramites,baja,11852.323220353323,1.0
social_recreacion,todas,1933.2100258136077,1.0430735418982884
compras_tramites,baja,3253.012289263839,1.48210391383712
compras_tramites,baja,8513.858398005517,1.0
compras_tramites,baja,5286.452496712705,1.0
compras_tramites,baja,8527.804088181567,1.48210391383712
compras_tramites,baja,8807.984205628525,1.48210391383712
social_recreacion,todas,254.31015950323828,1.48210391383712
salud,todas,6678.419590191698,1.12721985301036
social_recreacion,todas,1707.23608896853,1.14387994007037
compras_tramites,baja,2019.2465217563208,1.0
salud,todas,893.0996502919271,1.0
social_recreacion,todas,1986.4616079165896,1.14387994007037
compras_tramites,baja,1862.0658431166075,1.0
compras_tramites,baja,4123.961128651069,1.0
compras_tramites,baja,50.16621785686559,1.48210391383712
compras_tramites,baja,6151.65205270414,1.12721985301036
compras_tramites,baja,1991.5793672300792,1.12721985301036
compras_tramites,baja,650.7013523883288,1.48210391383712
compras_tramites,baja,517.6987852280151,1.48210391383712
compras_tramites,baja,8895.24062882655,1.48210391383712
compras_tramites,alta,932.024762131652,1.0
compras_tramites,baja,7466.719380401547,1.0
compras_tramites,baja,2929.0784606948055,1.12721985301036
salud,todas,2165.294440861335,1.48210391383712
compras_tramites,alta,2165.294440861335,1.48210391383712
compras_tramites,alta,11393.43565546215,1.12721985301036
salud,todas,2346.225900790259,1.48210391383712
compras_tramites,baja,1609.3950641953174,1.14387994007037
salud,todas,2346.225900790259,1.48210391383712
compras_tramites,baja,1609.3950641953174,1.14387994007037
compras_tramites,baja,985.6983609548423,1.48210391383712
social_recreacion,todas,3347.890457530682,1.0
compras_tramites,baja,820.30643092993,1.48210391383712
compras_tramites,baja,2577.011353414067,1.48210391383712
compras_tramites,baja,568.0351353913439,1.48210391383712
compras_tramites,baja,638.4365493446177,1.48210391383712
compras_tramites,baja,755.0505991167496,1.48210391383712
compras_tramites,baja,755.0505991167496,1.48210391383712
compras_tramites,baja,755.0505991167496,1.48210391383712
compras_tramites,baja,755.0505991167496,1.48210391383712
social_recreacion,todas,5854.500860132233,1.48210391383712
social_recreacion,todas,6109.135276067233,1.48210391383712
social_recreacion,todas,3250.717718977851,1.48210391383712
social_recreacion,todas,1912.3620724875984,1.48210391383712
social_recreacion,todas,1906.8892680656793,1.48210391383712
compras_tramites,baja,3291.626645392252,1.48210391383712
compras_tramites,baja,2343.006610647751,1.0
salud,todas,3851.17660300577,1.0430735418982884
compras_tramites,baja,917.7110031766877,1.48210391383712
compras_tramites,baja,2361.756961731893,1.48210391383712
compras_tramites,baja,3489.411622283413,1.48210391383712
compras_tramites,baja,2699.104897924495,1.48210391383712
salud,todas,1193.269455388875,1.48210391383712
compras_tramites,alta,592.1398768779743,1.48210391383712
social_recreacion,todas,1015.2043590455077,1.14387994007037
social_recreacion,todas,838.9447240432471,1.48210391383712
salud,todas,7602.423775719491,1.0
compras_tramites,baja,859.2130483762453,1.48210391383712
compras_tramites,baja,6722.601305484359,1.0
salud,todas,5926.654002061893,1.0
compras_tramites,baja,5997.951525638253,1.0
social_recreacion,todas,249.15886819770733,1.14387994007037
compras_tramites,baja,358.7438710822284,1.48210391383712
compras_tramites,baja,733.1130280618825,1.48210391383712
salud,todas,4099.1629586921845,1.48210391383712
salud,todas,3090.411179566412,1.48210391383712
social_recreacion,todas,6176.106673431213,1.0430735418982884
salud,todas,1893.9062809380412,1.14387994007037
compras_tramites,baja,597.1438211721381,1.48210391383712
salud,todas,3414.277542998665,0.817907347175127
social_recreacion,todas,1733.9094941169976,1.0430735418982884
compras_tramites,baja,9343.646130066478,1.0430735418982884
social_recreacion,todas,1599.378522184965,1.48210391383712
compras_tramites,baja,530.2674084026497,1.14387994007037
social_recreacion,todas,19769.296985422916,1.12721985301036
salud,todas,5703.068217611162,1.0
compras_tramites,baja,270.58221551233277,1.48210391383712
compras_tramites,baja,1385.5978529704244,1.48210391383712
social_recreacion,todas,3507.352369042067,1.48210391383712
social_recreacion,todas,3490.0589178407863,1.48210391383712
compras_tramites,baja,5152.215264224336,1.48210391383712
social_recreacion,todas,4716.395300322721,1.48210391383712
social_recreacion,todas,3473.9151009928623,1.48210391383712
social_recreacion,todas,2519.8766369854297,1.0430735418982884
compras_tramites,baja,7039.877807735839,1.48210391383712
salud,todas,4664.61018947206,1.12721985301036
salud,todas,10129.041026966795,1.48210391383712
compras_tramites,baja,8847.280968310351,1.0
compras_tramites,baja,8471.51533840943,1.0
salud,todas,3726.1485416045293,1.0
social_recreacion,todas,10721.198252514807,1.0
compras_tramites,baja,3960.6231567821574,1.48210391383712
salud,todas,3960.6231567821574,1.48210391383712
social_recreacion,todas,1998.7501651422697,1.14387994007037
social_recreacion,todas,1992.1836718100474,1.14387994007037
salud,todas,1752.8957158442142,1.0430735418982884
compras_tramites,baja,8102.592069825557,1.48210391383712
salud,todas,1752.8957158442142,1.0430735418982884
compras_tramites,baja,8102.358399008067,1.48210391383712
compras_tramites,baja,113.07077429645558,1.48210391383712
compras_tramites,baja,4417.281363081256,1.0430735418982884
compras_tramites,baja,191.9385074053667,1.48210391383712
compras_tramites,baja,4417.281363081256,1.0430735418982884
compras_tramites,baja,191.9385074053667,1.48210391383712
salud,todas,4372.797981667637,1.0
salud,todas,3294.511971279851,1.48210391383712
compras_tramites,baja,3219.1063686215775,1.48210391383712
compras_tramites,baja,782.0900889453609,1.48210391383712
salud,todas,4372.797981667637,1.0
salud,todas,3294.511971279851,1.48210391383712
compras_tramites,baja,3219.1063686215775,1.48210391383712
compras_tramites,baja,782.0900889453609,1.48210391383712
social_recreacion,todas,844.564865774086,1.48210391383712
compras_tramites,baja,180.6298442256982,1.48210391383712
compras_tramites,media,786.6282873759371,1.12721985301036
compras_tramites,baja,3640.7113167074317,1.48210391383712
compras_tramites,baja,885.0669819284866,1.48210391383712
compras_tramites,baja,3991.0659781067966,1.48210391383712
compras_tramites,baja,3708.133303652425,1.12721985301036
social_recreacion,todas,2499.9390617573063,1.14387994007037
compras_tramites,baja,3839.14453565179,1.48210391383712
social_recreacion,todas,2499.9390617573063,1.14387994007037
salud,todas,667.7099630277824,1.0430735418982884
salud,todas,1323.259932007408,1.48210391383712
compras_tramites,baja,2357.4794082146827,1.48210391383712
compras_tramites,baja,1156.9911560406372,1.48210391383712
social_recreacion,todas,294.5263212452327,1.48210391383712
compras_tramites,baja,1323.259932007408,1.48210391383712
salud,todas,12725.597319331971,1.12721985301036
compras_tramites,baja,1052.9504399098041,1.48210391383712
compras_tramites,baja,5176.260403575636,1.0
compras_tramites,baja,5406.549413674123,1.12721985301036
compras_tramites,baja,2129.9673422158967,1.0
social_recreacion,todas,649.9440480726014,1.14387994007037
compras_tramites,baja,1586.5359720551564,1.14387994007037
compras_tramites,media,149.485422705903,1.0
compras_tramites,baja,3369.877121420982,1.48210391383712
compras_tramites,baja,3404.319427671998,1.48210391383712
compras_tramites,baja,3417.626298416051,1.48210391383712
social_recreacion,todas,12154.218532699872,1.12721985301036
compras_tramites,baja,2178.1313602848313,1.48210391383712
compras_tramites,baja,830.4774605610919,1.14387994007037
compras_tramites,baja,9844.987547605126,1.12721985301036
compras_tramites,baja,345.71071637145195,1.48210391383712
salud,todas,934.0714975311045,1.0
salud,todas,8369.48552272116,1.0
social_recreacion,todas,830.9734337848894,1.14387994007037
social_recreacion,todas,1757.5076705135778,1.05276355601825
compras_tramites,baja,184.69303344079466,1.48210391383712
compras_tramites,baja,2025.578708058283,1.12721985301036
salud,todas,4148.19197248934,1.48210391383712
social_recreacion,todas,1935.41838404234,1.48210391383712
compras_tramites,baja,1475.8337503896103,1.48210391383712
compras_tramites,baja,2582.6848433364844,1.14387994007037
compras_tramites,baja,2075.1571064865334,1.14387994007037
salud,todas,3597.515280897228,1.48210391383712
social_recreacion,todas,3567.5909375454257,1.14387994007037
compras_tramites,baja,6551.286474628952,1.0
social_recreacion,todas,3497.0720096424952,1.14387994007037
compras_tramites,baja,1670.6586676485003,1.48210391383712
compras_tramites,baja,1861.4475056810627,1.48210391383712
compras_tramites,baja,2677.9341041941734,1.48210391383712
compras_tramites,baja,730.7706127620093,1.14387994007037
salud,todas,6863.914035783447,1.48210391383712
compras_tramites,baja,792.5450949561562,1.48210391383712
compras_tramites,baja,311.0595693176188,1.48210391383712
compras_tramites,baja,2235.874329121608,1.14387994007037
compras_tramites,baja,1296.4773611026003,1.48210391383712
salud,todas,7835.63522479043,1.48210391383712
social_recreacion,todas,4241.408460351238,1.48210391383712
compras_tramites,baja,2042.1144528347481,1.14387994007037
salud,todas,1314.8467487339542,1.48210391383712
compras_tramites,baja,3156.7415582567096,1.48210391383712
social_recreacion,todas,7670.059665062912,1.12721985301036
social_recreacion,todas,3380.0585171120283,1.14387994007037
social_recreacion,todas,4593.272594665621,1.48210391383712
compras_tramites,alta,419.43667695679943,1.14387994007037
salud,todas,4416.203631585052,1.48210391383712
compras_tramites,baja,1860.4218954060527,1.48210391383712
compras_tramites,baja,2537.0929047290647,1.48210391383712
salud,todas,4416.203631585052,1.48210391383712
compras_tramites,baja,2411.262224567249,1.48210391383712
compras_tramites,baja,2544.613947266854,1.12721985301036
compras_tramites,baja,2081.988727755268,1.48210391383712
social_recreacion,todas,4091.0426815979627,1.48210391383712
compras_tramites,baja,5568.61694145189,1.5058778792911116
social_recreacion,todas,5247.342221603714,1.48210391383712
compras_tramites,baja,2495.887094927373,1.12721985301036
compras_tramites,baja,1587.45960701564,1.12721985301036
social_recreacion,todas,7257.2241987752495,1.0
compras_tramites,baja,5281.200056346687,1.14387994007037
compras_tramites,baja,9742.250815602192,1.0
compras_tramites,baja,9742.250815602192,1.0
compras_tramites,baja,926.4073099378319,1.48210391383712
social_recreacion,todas,6648.743182749372,1.48210391383712
compras_tramites,baja,6180.427649496762,1.0
social_recreacion,todas,2197.5033616388537,1.48210391383712
compras_tramites,baja,14078.38805483981,1.12721985301036
social_recreacion,todas,516.4987937122893,1.14387994007037
social_recreacion,todas,9283.687373560142,1.0
social_recreacion,todas,5010.623611154229,1.48210391383712
salud,todas,4211.657837854835,1.48210391383712
compras_tramites,baja,10458.642877909937,1.12721985301036
compras_tramites,baja,2102.1185855825456,1.48210391383712
compras_tramites,baja,1658.339494466151,1.0
social_recreacion,todas,541.7747537391,1.0430735418982884
compras_tramites,baja,2047.6658951508819,1.14387994007037
compras_tramites,baja,2046.379134832195,1.14387994007037
social_recreacion,todas,7502.653853452561,1.14387994007037
salud,todas,2468.8828035878014,1.0
compras_tramites,baja,1489.9182142507857,1.0
salud,todas,2468.8828035878014,1.0
compras_tramites,baja,1489.9182142507857,1.0
compras_tramites,media,192.49025949382477,1.48210391383712
compras_tramites,alta,1958.7604857728268,1.0
social_recreacion,todas,2255.4230689000597,1.48210391383712
compras_tramites,baja,1943.5609195112877,1.48210391383712
compras_tramites,baja,326.7754927411938,1.48210391383712
compras_tramites,media,2824.5963677355744,1.0
compras_tramites,media,1373.456520061702,1.48210391383712
salud,todas,8586.725802073803,1.0
social_recreacion,todas,8586.725802073803,1.0
social_recreacion,todas,1852.0585263852354,1.48210391383712
compras_tramites,baja,2267.4796910698146,1.48210391383712
social_recreacion,todas,2075.3669715031724,1.14387994007037
compras_tramites,baja,1626.4713831347449,1.48210391383712
social_recreacion,todas,500.4912742745871,1.48210391383712
social_recreacion,todas,500.4912742745871,1.48210391383712
compras_tramites,baja,5385.330506574231,1.12721985301036
compras_tramites,baja,3281.9400512501747,1.12721985301036
compras_tramites,baja,1985.3839088763161,1.48210391383712
compras_tramites,baja,812.6624362867786,1.48210391383712
compras_tramites,baja,11750.491745029227,1.48210391383712
compras_tramites,baja,11750.491745029227,1.48210391383712
salud,todas,5804.196526342492,1.48210391383712
compras_tramites,baja,6520.746315846446,0.817907347175127
salud,todas,3505.282316470966,1.48210391383712
compras_tramites,baja,1596.1302531924673,1.48210391383712
compras_tramites,baja,1134.3923556695727,1.48210391383712
social_recreacion,todas,12820.562353331623,1.48210391383712
compras_tramites,baja,691.9842845036295,1.48210391383712
compras_tramites,baja,4818.0080492357,1.48210391383712
compras_tramites,baja,715.7228863184409,1.48210391383712
social_recreacion,todas,2674.744486190457,1.0
compras_tramites,baja,8190.471549080008,1.12721985301036
social_recreacion,todas,392.05793302975326,1.48210391383712
social_recreacion,todas,1527.6334549414169,1.14387994007037
social_recreacion,todas,1718.0918401788254,1.14387994007037
social_recreacion,todas,1527.6334549414169,1.14387994007037
social_recreacion,todas,1718.0918401788254,1.14387994007037
compras_tramites,media,3306.5656845096187,1.0
compras_tramites,media,3660.7861755163417,1.0
social_recreacion,todas,1681.7685085665773,1.0
compras_tramites,baja,315.6710130445342,1.48210391383712
social_recreacion,todas,2174.752308319056,1.48210391383712
compras_tramites,baja,2089.3312198617677,1.14387994007037
compras_tramites,baja,2089.3312198617677,1.14387994007037
social_recreacion,todas,554.223479328567,1.48210391383712
compras_tramites,baja,700.5694175376645,1.48210391383712
salud,todas,1672.0678264969547,1.48210391383712
compras_tramites,baja,5065.167220312333,1.48210391383712
social_recreacion,todas,1216.7051856506007,1.48210391383712
compras_tramites,baja,204.28213677717883,1.48210391383712
salud,todas,13300.610776036752,1.12721985301036
salud,todas,8927.533138032257,1.0
salud,todas,4439.637011947211,1.0
compras_tramites,baja,3602.9860750808575,1.12721985301036
salud,todas,3415.5878098672947,1.0
compras_tramites,baja,532.9317498517047,1.48210391383712
compras_tramites,baja,1280.6854609934478,1.48210391383712
salud,todas,7969.0695592788625,1.0
compras_tramites,baja,5949.80125751325,1.12721985301036
compras_tramites,baja,1582.685349347451,1.0
compras_tramites,baja,2287.784258294475,1.0
social_recreacion,todas,2585.0097316064403,1.48210391383712
social_recreacion,todas,2585.0097316064403,1.48210391383712
compras_tramites,media,776.5509386714838,1.48210391383712
salud,todas,4093.1995588910945,1.05276355601825
compras_tramites,media,96.62104313534655,1.48210391383712
social_recreacion,todas,9110.284196533144,1.48210391383712
social_recreacion,todas,5781.498040709394,1.48210391383712
social_recreacion,todas,5781.498040709394,1.48210391383712
social_recreacion,todas,4995.549097462285,1.48210391383712
compras_tramites,baja,1444.2212464816678,1.48210391383712
compras_tramites,baja,9667.086773760038,1.48210391383712
salud,todas,7856.793416530631,1.0
compras_tramites,baja,1707.0326252854873,1.48210391383712
compras_tramites,baja,5072.076222999223,1.12721985301036
compras_tramites,baja,713.7540307460617,1.48210391383712
social_recreacion,todas,621.7853900575846,1.48210391383712
compras_tramites,baja,984.3139351099132,1.48210391383712
salud,todas,10659.829396647256,1.12721985301036
compras_tramites,baja,847.5177502058954,1.48210391383712
social_recreacion,todas,15991.055216052866,1.14387994007037
compras_tramites,baja,5247.946229612709,1.48210391383712
compras_tramites,alta,6584.8372254108335,1.0
compras_tramites,baja,1703.3336844626187,1.12721985301036
compras_tramites,baja,2376.5657324517792,1.48210391383712
compras_tramites,baja,1457.1273755154566,1.48210391383712
social_recreacion,todas,3355.322940516494,1.48210391383712
compras_tramites,baja,566.0291382531137,1.48210391383712
salud,todas,3981.000887025774,1.48210391383712
compras_tramites,baja,3181.868768562205,1.48210391383712
social_recreacion,todas,762.5538563203668,1.14387994007037
social_recreacion,todas,2296.5411732323814,1.14387994007037
compras_tramites,baja,3162.3802239237557,1.14387994007037
salud,todas,14225.37075966739,1.12721985301036
compras_tramites,baja,6976.223279826987,1.48210391383712
compras_tramites,baja,13485.584116850714,1.0430735418982884
salud,todas,646.2115075577036,1.48210391383712
social_recreacion,todas,11767.045223089208,1.48210391383712
compras_tramites,baja,7712.968777348418,1.48210391383712
compras_tramites,alta,460.88832470736605,1.0
compras_tramites,baja,2182.3171395689146,1.48210391383712
compras_tramites,baja,7718.731807923906,1.48210391383712
compras_tramites,baja,9087.566230845308,1.48210391383712
compras_tramites,baja,2188.195740251829,1.48210391383712
compras_tramites,baja,7725.606867596633,1.48210391383712
compras_tramites,baja,9096.246368695167,1.48210391383712
social_recreacion,todas,363.98808923035176,1.48210391383712
compras_tramites,alta,1663.0171731416553,1.0
compras_tramites,baja,2188.639717381552,1.48210391383712
salud,todas,3867.904737149567,1.48210391383712
compras_tramites,baja,3245.6225351425264,1.48210391383712
compras_tramites,baja,924.311429207744,1.48210391383712
social_recreacion,todas,2674.927518184196,1.48210391383712
social_recreacion,todas,4337.887866303715,1.48210391383712
social_recreacion,todas,5430.171640735822,1.0430735418982884
compras_tramites,baja,3303.737199801395,1.0430735418982884
social_recreacion,todas,3539.5417761839685,1.48210391383712
compras_tramites,baja,10609.333046723015,1.48210391383712
compras_tramites,baja,10609.333046723015,1.48210391383712
social_recreacion,todas,328.7128365401175,1.0430735418982884
compras_tramites,alta,1782.2310283676925,1.0
compras_tramites,alta,732.706093687341,1.48210391383712
social_recreacion,todas,76.02631123499285,1.48210391383712
social_recreacion,todas,77.15244649393821,1.48210391383712
compras_tramites,media,507.68695852027014,1.48210391383712
compras_tramites,media,5473.172903699377,1.0
social_recreacion,todas,1738.4333714336199,1.14387994007037
compras_tramites,alta,3722.123781698973,1.48210391383712
compras_tramites,alta,3722.123781698973,1.48210391383712
compras_tramites,alta,2088.2301866652538,1.0
compras_tramites,alta,2001.290948841288,1.48210391383712
social_recreacion,todas,4700.20146686305,1.0
salud,todas,1062.9567662487796,1.0
compras_tramites,media,10565.94478738177,1.0
compras_tramites,alta,6946.75782767805,1.0
compras_tramites,media,2045.2754246066713,1.48210391383712
salud,todas,382.13024535367845,1.48210391383712
salud,todas,5754.737345018993,1.0
salud,todas,5754.737345018993,1.0
salud,todas,5754.737345018993,1.0
compras_tramites,alta,5592.998422361575,1.0
social_recreacion,todas,7324.064634178551,1.12721985301036
compras_tramites,baja,290.66303514551004,1.48210391383712
salud,todas,1295.181346270306,1.48210391383712
salud,todas,4291.7939159052785,1.0
salud,todas,6819.292979713077,0.817907347175127
salud,todas,10132.22734070792,0.817907347175127
compras_tramites,alta,2479.7418157252278,1.12721985301036
compras_tramites,alta,2411.5348621990856,1.12721985301036
compras_tramites,alta,1467.7904954306532,1.48210391383712
compras_tramites,alta,6471.531293685927,1.0
salud,todas,4854.715198665752,1.0430735418982884
compras_tramites,media,4467.447044751202,1.48210391383712
salud,todas,10024.601822721019,0.817907347175127
salud,todas,4716.688401573615,1.42042823117339
salud,todas,4716.688401573615,1.0
compras_tramites,alta,1825.513074549608,1.48210391383712
compras_tramites,media,671.872547233895,1.48210391383712
salud,todas,5291.187687978387,1.0
compras_tramites,media,795.546923334232,1.48210391383712
compras_tramites,media,1215.6365266966366,1.48210391383712
compras_tramites,alta,2643.11205068949,1.48210391383712
salud,todas,887.9259106769903,1.14387994007037
social_recreacion,todas,2904.6101401747965,1.0
compras_tramites,alta,1497.9577324357529,1.0
compras_tramites,alta,3411.2287938203535,0.817907347175127
compras_tramites,baja,12374.034590854515,1.0
compras_tramites,baja,1072.2373371724016,1.48210391383712
social_recreacion,todas,212.65789170931325,1.48210391383712
compras_tramites,baja,539.8799056271681,1.48210391383712
compras_tramites,baja,539.8799056271681,1.48210391383712
compras_tramites,media,608.5172585114165,1.48210391383712
compras_tramites,baja,294.1568459172759,1.48210391383712
compras_tramites,baja,334.8689634114365,1.48210391383712
compras_tramites,alta,5601.446976929405,1.12721985301036
salud,todas,864.875950732965,1.0
social_recreacion,todas,7833.250903849324,1.12721985301036
salud,todas,156.15735065651728,1.48210391383712
social_recreacion,todas,842.5938583660873,1.0
compras_tramites,media,634.0792537214886,1.48210391383712
social_recreacion,todas,842.8177650929351,1.48210391383712
compras_tramites,media,791.1329124466065,1.0
compras_tramites,media,3084.417789090228,1.0
compras_tramites,baja,1242.104163871231,1.48210391383712
compras_tramites,media,1245.7546599758568,1.0
compras_tramites,media,7379.019273485912,0.817907347175127
compras_tramites,media,423.0532447004307,1.48210391383712
social_recreacion,todas,432.04566205617954,1.48210391383712
social_recreacion,todas,5375.528070353298,1.0
compras_tramites,baja,491.11128070841795,1.48210391383712
compras_tramites,baja,491.11128070841795,1.48210391383712
salud,todas,3782.889039524099,1.05276355601825
compras_tramites,media,5205.717207131502,1.42042823117339
compras_tramites,media,2683.371562308554,1.48210391383712
compras_tramites,alta,1725.8131012225983,1.0
compras_tramites,alta,1579.1062744402489,1.0
compras_tramites,alta,1370.1627697558417,1.0
social_recreacion,todas,2787.8994782768914,1.0
compras_tramites,baja,3972.017301247094,0.817907347175127
salud,todas,6616.937944821985,1.12721985301036
compras_tramites,alta,7047.933498177076,1.12721985301036
social_recreacion,todas,4577.2572846629455,1.48210391383712
social_recreacion,todas,1906.3226379603218,1.12721985301036
compras_tramites,media,761.2986084901656,1.48210391383712
compras_tramites,media,761.2986084901656,1.48210391383712
salud,todas,1281.523025788066,1.48210391383712
compras_tramites,baja,1080.4706010468599,1.12721985301036
compras_tramites,baja,1982.0177201942627,1.12721985301036
compras_tramites,baja,1464.6658298615635,1.12721985301036
compras_tramites,baja,1464.6658298615635,1.48210391383712
compras_tramites,alta,554.8365688777754,1.48210391383712
compras_tramites,alta,6985.762070949315,1.12721985301036
compras_tramites,alta,4174.944327964334,1.12721985301036
compras_tramites,alta,6985.762070949315,1.12721985301036
compras_tramites,alta,4174.944327964334,1.12721985301036
compras_tramites,baja,1568.7000988079271,1.48210391383712
salud,todas,374.200987313302,1.48210391383712
compras_tramites,media,5980.293518824061,1.48210391383712
social_recreacion,todas,5980.293518824061,1.48210391383712
salud,todas,3803.1522621249665,1.0
social_recreacion,todas,8170.6090616597585,0.817907347175127
compras_tramites,baja,706.3735075911062,1.48210391383712
salud,todas,2998.871657761726,1.0
compras_tramites,media,3005.8678681247784,1.12721985301036
salud,todas,12143.810912136543,1.12721985301036
salud,todas,3462.878068258396,1.48210391383712
compras_tramites,alta,830.1292968050594,1.48210391383712
social_recreacion,todas,240.681894653633,1.48210391383712
compras_tramites,alta,337.6718081214362,1.14387994007037
social_recreacion,todas,1249.2877111203209,1.48210391383712
social_recreacion,todas,9178.182910312707,1.12721985301036
salud,todas,1101.8921231121324,1.48210391383712
salud,todas,1101.8921231121324,1.48210391383712
compras_tramites,baja,7805.8038323882165,1.12721985301036
social_recreacion,todas,506.8373377268712,1.48210391383712
compras_tramites,baja,1041.02931522424,1.14387994007037
salud,todas,1450.4414468102461,1.14387994007037
compras_tramites,baja,7465.109260715081,1.05276355601825
salud,todas,5681.028337345851,1.5058778792911116
compras_tramites,baja,2054.4236192242734,1.48210391383712
compras_tramites,baja,740.5576189021773,1.48210391383712
compras_tramites,baja,2647.152771913922,1.0
compras_tramites,baja,643.6755327074736,1.48210391383712
salud,todas,457.26917418108343,1.0430735418982884
salud,todas,457.86679285573877,1.48210391383712
compras_tramites,media,1633.7853002235522,1.0
salud,todas,5782.320279646074,1.48210391383712
social_recreacion,todas,2573.536307491418,1.48210391383712
compras_tramites,media,2173.6001478052635,1.48210391383712
salud,todas,1265.8895591545743,1.48210391383712
compras_tramites,baja,114.44321736127485,1.48210391383712
salud,todas,5482.76664058906,1.48210391383712
salud,todas,8102.60101329592,1.0
salud,todas,8102.60101329592,1.0
compras_tramites,media,3426.8790740959275,1.0
salud,todas,7882.512518077992,1.42042823117339
salud,todas,6134.203200042697,1.0
compras_tramites,media,3060.245425845164,1.0
salud,todas,3060.245425845164,1.0
compras_tramites,alta,7100.61007172095,1.0
salud,todas,469.9167988607797,1.48210391383712
compras_tramites,media,469.9167988607797,1.48210391383712
compras_tramites,alta,467.19664393225526,1.48210391383712
salud,todas,653.6908680535184,1.48210391383712
compras_tramites,alta,10519.572860017966,1.48210391383712
compras_tramites,baja,5705.276437433953,1.48210391383712
compras_tramites,baja,5747.629250395332,1.48210391383712
compras_tramites,baja,50.648769497022336,1.48210391383712
salud,todas,1728.3972344342606,1.48210391383712
compras_tramites,media,5230.563846222896,1.0
compras_tramites,media,190.69611634499142,1.48210391383712
social_recreacion,todas,5887.61895348249,1.0430735418982884
social_recreacion,todas,1025.7548440051355,1.14387994007037
salud,todas,1643.5025491024496,1.48210391383712
compras_tramites,media,723.3615976650699,1.48210391383712
salud,todas,269.87245432159705,1.14387994007037
compras_tramites,media,405.22892955903643,1.48210391383712
compras_tramites,media,1308.6948953448098,1.0
social_recreacion,todas,11215.526255660332,1.14387994007037
salud,todas,707.3559924111762,1.14387994007037
compras_tramites,alta,1254.5921414572347,1.0
compras_tramites,alta,1306.0497846709607,1.48210391383712
compras_tramites,baja,1419.8883487273083,1.14387994007037
salud,todas,779.4975971138397,1.48210391383712
compras_tramites,baja,2297.4779047155707,1.48210391383712
compras_tramites,baja,2884.7093943825716,1.48210391383712
social_recreacion,todas,7518.971763406633,1.14387994007037
compras_tramites,baja,6847.310191626458,1.12721985301036
social_recreacion,todas,3873.3042761478214,1.12721985301036
social_recreacion,todas,259.1139970680135,1.48210391383712
social_recreacion,todas,12365.872796394178,1.14387994007037
social_recreacion,todas,12365.872796394178,1.14387994007037
salud,todas,6055.143588628287,1.48210391383712
compras_tramites,alta,779.2465568028276,1.48210391383712
salud,todas,6055.143588628287,1.48210391383712
compras_tramites,alta,779.2465568028276,1.48210391383712
compras_tramites,alta,529.1492001095367,1.48210391383712
compras_tramites,alta,3675.7886708214146,1.48210391383712
social_recreacion,todas,86.83317338436964,1.48210391383712
salud,todas,1735.8987183449276,1.48210391383712
salud,todas,1896.884996884695,1.0
compras_tramites,baja,4890.982931091312,1.12721985301036
compras_tramites,media,2772.362984103092,1.0
compras_tramites,baja,271.08704962901214,1.48210391383712
compras_tramites,baja,96.53110331002128,1.48210391383712
compras_tramites,baja,3785.6120161625204,1.0
compras_tramites,media,571.8485922864548,1.48210391383712
social_recreacion,todas,374.2396458153519,1.48210391383712
compras_tramites,baja,9597.219252668403,0.817907347175127
compras_tramites,baja,1585.8228948739043,1.48210391383712
salud,todas,258.8412448568862,1.14387994007037
compras_tramites,media,2935.421994391309,1.0
compras_tramites,alta,1844.2916071561358,1.48210391383712
compras_tramites,alta,11070.505408208068,1.12721985301036
compras_tramites,alta,12814.445574843454,1.12721985301036
salud,todas,12019.20234734428,1.0
salud,todas,9319.538847867638,1.0430735418982884
salud,todas,9319.538847867638,1.0430735418982884
compras_tramites,media,16220.164577160007,1.0
compras_tramites,media,11091.832807269233,1.0
compras_tramites,baja,248.38887889003806,1.48210391383712
compras_tramites,baja,246.40195383065148,1.0
compras_tramites,baja,438.83540835374714,1.48210391383712
social_recreacion,todas,2805.1317705234455,1.48210391383712
compras_tramites,baja,1172.7254618149393,1.0
salud,todas,2131.662986241977,1.48210391383712
salud,todas,1762.8532937688158,1.48210391383712
compras_tramites,baja,1961.6473727556292,1.48210391383712
compras_tramites,media,1636.4526421500868,1.48210391383712
compras_tramites,baja,8546.358192841648,1.12721985301036
salud,todas,905.5133433799099,1.14387994007037
social_recreacion,todas,1326.4830648331183,1.48210391383712
social_recreacion,todas,10398.426233277141,1.12721985301036
compras_tramites,media,2338.1613979056815,1.48210391383712
compras_tramites,media,2338.1613979056815,1.48210391383712
salud,todas,450.5382989148231,1.48210391383712
social_recreacion,todas,3444.3999346992578,1.48210391383712
social_recreacion,todas,4308.678939547662,1.0
social_recreacion,todas,802.0900846577334,1.48210391383712
compras_tramites,media,160.2981627360791,1.48210391383712
salud,todas,1301.8506182456429,1.48210391383712
compras_tramites,media,139.34189979709083,1.48210391383712
compras_tramites,baja,3853.981228872294,1.48210391383712
salud,todas,3626.739221243547,1.0
social_recreacion,todas,6652.734292191444,1.0
compras_tramites,media,9596.323422157897,1.0
compras_tramites,alta,2235.9453397836005,1.0
compras_tramites,baja,274.616614858333,1.48210391383712
social_recreacion,todas,793.129211597368,1.48210391383712
salud,todas,1135.5221558412015,1.48210391383712
compras_tramites,alta,176.9190123024162,1.48210391383712
compras_tramites,alta,2820.0716041510477,1.48210391383712
salud,todas,14700.877285451847,1.0
compras_tramites,media,663.2778695438002,1.48210391383712
compras_tramites,media,137.49232933149398,1.48210391383712
compras_tramites,baja,4476.965996322349,1.0
compras_tramites,alta,2549.0997553057823,1.48210391383712
compras_tramites,alta,1526.6142484192144,1.48210391383712
compras_tramites,alta,1526.6142484192144,1.48210391383712
compras_tramites,media,13894.370377547755,1.12721985301036
compras_tramites,media,1015.8119486593287,1.48210391383712
compras_tramites,media,1015.8119486593287,1.48210391383712
compras_tramites,media,10759.642226250558,1.0
compras_tramites,media,1353.7607920997573,1.48210391383712
social_recreacion,todas,3085.640397090408,1.14387994007037
social_recreacion,todas,8503.43418820679,1.12721985301036
compras_tramites,baja,5168.97854628108,1.5058778792911116
compras_tramites,alta,1294.2822395540318,1.48210391383712
compras_tramites,alta,1294.2822395540318,1.48210391383712
compras_tramites,media,9047.517457326347,1.12721985301036
social_recreacion,todas,2542.587616023536,1.0
compras_tramites,baja,4894.25025540174,1.48210391383712
compras_tramites,baja,6417.09802934037,1.0
compras_tramites,baja,495.5284781485823,1.48210391383712
compras_tramites,baja,252.22670853817206,1.48210391383712
salud,todas,2260.717309595839,1.48210391383712
compras_tramites,media,12418.52737694426,1.5058778792911116
compras_tramites,media,192.43954255574008,1.48210391383712
compras_tramites,media,2351.4785825973545,1.48210391383712
compras_tramites,media,742.8644754638965,1.48210391383712
social_recreacion,todas,3221.864852675582,1.14387994007037
compras_tramites,baja,3968.5923769142078,1.0
compras_tramites,alta,3992.3139438146095,1.48210391383712
compras_tramites,baja,2882.183070174412,1.48210391383712
compras_tramites,media,1909.561273902742,1.48210391383712
compras_tramites,baja,12266.561814901072,1.48210391383712
compras_tramites,baja,10.141238906686894,1.48210391383712
compras_tramites,baja,1002.1985719103088,1.48210391383712
salud,todas,14920.824842136797,1.42042823117339
salud,todas,15141.118241739992,1.48210391383712
compras_tramites,baja,5290.120486872203,1.42042823117339
salud,todas,1015.9612750986132,1.48210391383712
compras_tramites,media,9681.476295823977,1.12721985301036
compras_tramites,media,1123.2755572605781,1.48210391383712
compras_tramites,media,2314.287930655251,1.0
compras_tramites,media,75.18272013069226,1.48210391383712
compras_tramites,media,2390.7716360256995,1.48210391383712
social_recreacion,todas,14013.538709410848,1.42042823117339
compras_tramites,baja,1306.7413325353452,1.48210391383712
salud,todas,8058.269670289123,1.48210391383712
social_recreacion,todas,19455.51094466974,1.12721985301036
salud,todas,16245.609485839743,1.12721985301036
salud,todas,16245.609485839743,1.12721985301036
salud,todas,4722.5581061969215,1.0430735418982884
salud,todas,4722.5581061969215,1.0430735418982884
salud,todas,9974.142145570167,0.817907347175127
compras_tramites,alta,2608.9350948426377,1.14387994007037
compras_tramites,alta,1351.9191888437942,1.48210391383712
social_recreacion,todas,847.3169194074095,1.48210391383712
compras_tramites,media,1464.8733923667473,1.48210391383712
social_recreacion,todas,847.3169194074095,1.14387994007037
compras_tramites,media,922.8324963969626,1.48210391383712
compras_tramites,baja,1282.671664010806,1.48210391383712
social_recreacion,todas,8989.349823541188,1.0
salud,todas,19471.423992931283,1.12721985301036
salud,todas,16762.55324239424,1.12721985301036
compras_tramites,baja,972.8146507565367,1.48210391383712
compras_tramites,baja,2542.1284621678865,1.0
salud,todas,13792.392813981056,1.0
salud,todas,13790.40009900456,1.0
compras_tramites,media,9211.541660635585,1.48210391383712
compras_tramites,media,165.894430027239,1.48210391383712
compras_tramites,alta,457.21088990919986,1.48210391383712
compras_tramites,baja,2676.6984276634994,1.0
compras_tramites,media,2743.7143341930205,1.48210391383712
compras_tramites,media,289.768934077223,1.48210391383712
compras_tramites,media,289.768934077223,1.48210391383712
social_recreacion,todas,1804.4284770824943,1.48210391383712
compras_tramites,media,1735.4290997203689,1.48210391383712
compras_tramites,baja,10387.116638533525,1.0
social_recreacion,todas,5311.654544857586,1.5058778792911116
social_recreacion,todas,14398.728098973328,1.0430735418982884
social_recreacion,todas,14398.728098973328,1.48210391383712
compras_tramites,baja,4449.119969601432,1.48210391383712
social_recreacion,todas,5311.654544857586,1.5058778792911116
social_recreacion,todas,14398.728098973328,1.0430735418982884
social_recreacion,todas,14398.728098973328,1.48210391383712
compras_tramites,baja,558.6282314532291,1.48210391383712
salud,todas,2063.4743910453553,1.48210391383712
compras_tramites,alta,748.2621558693517,1.48210391383712
social_recreacion,todas,583.4494885284093,1.48210391383712
compras_tramites,media,489.3762621711054,1.48210391383712
salud,todas,15024.788618293906,1.12721985301036
salud,todas,15024.788618293906,1.12721985301036
compras_tramites,baja,650.149889568744,1.48210391383712
compras_tramites,media,15247.43467232813,1.0
salud,todas,10388.350613534689,0.817907347175127
compras_tramites,media,650.8935714894179,1.48210391383712
compras_tramites,media,2232.237864518265,1.0
salud,todas,477.3232421944929,1.14387994007037
social_recreacion,todas,6020.214237210671,1.0
compras_tramites,baja,6441.58159145827,1.48210391383712
salud,todas,11723.854464962664,1.0
social_recreacion,todas,6506.762343014885,1.0
compras_tramites,media,9787.133532610877,1.0
compras_tramites,media,2455.7965389309024,1.48210391383712
social_recreacion,todas,8151.4900114780585,1.12721985301036
salud,todas,4816.068505291038,1.0
compras_tramites,baja,5070.047281680572,1.0
salud,todas,1217.5380773210186,1.48210391383712
salud,todas,12710.739650158112,1.0
compras_tramites,media,18061.92496759845,1.48210391383712
social_recreacion,todas,3615.4134792546984,1.48210391383712
compras_tramites,baja,1054.7891122347928,1.14387994007037
compras_tramites,baja,1054.7891122347928,1.14387994007037
compras_tramites,baja,1183.9417516453511,1.48210391383712
compras_tramites,baja,2590.746912843138,1.48210391383712
social_recreacion,todas,952.3045326215572,1.48210391383712
compras_tramites,baja,935.6853651410086,1.14387994007037
compras_tramites,baja,2012.4227013493587,1.48210391383712
compras_tramites,baja,2223.5838901211373,1.48210391383712
compras_tramites,baja,2223.5838901211373,1.48210391383712
compras_tramites,baja,1467.7909222386716,1.0
compras_tramites,baja,201.25427984579608,1.48210391383712
salud,todas,2274.8822756714385,0.817907347175127
compras_tramites,alta,1522.601810853403,1.12721985301036
social_recreacion,todas,18188.32701795066,1.48210391383712
salud,todas,3334.977319661447,1.48210391383712
social_recreacion,todas,2376.566391351186,1.48210391383712
social_recreacion,todas,788.7904110091603,1.48210391383712
compras_tramites,media,2185.312348956094,1.48210391383712
social_recreacion,todas,3339.416822128388,1.0
compras_tramites,media,6065.467434278175,1.0
compras_tramites,media,2518.3096792541223,1.12721985301036
social_recreacion,todas,692.7409328168792,1.48210391383712
salud,todas,4772.3104484726855,0.817907347175127
compras_tramites,baja,2979.623884513625,1.12721985301036
compras_tramites,media,4717.253610521334,1.48210391383712
compras_tramites,media,11482.302215155123,1.48210391383712
social_recreacion,todas,75.9325937201048,1.14387994007037
compras_tramites,baja,2508.818862914193,1.12721985301036
compras_tramites,baja,1250.2627864398148,1.12721985301036
compras_tramites,baja,1940.2044069182505,1.12721985301036
compras_tramites,media,6912.084476661147,1.0
compras_tramites,baja,1988.1379479301731,1.0
salud,todas,6824.043645292105,1.0
compras_tramites,baja,4077.7392797712146,1.48210391383712
salud,todas,1146.3056288471075,1.0
salud,todas,3128.7618264109287,1.0
social_recreacion,todas,7837.284538069552,1.0
compras_tramites,baja,1044.1190407654974,1.48210391383712
compras_tramites,baja,5743.851942869137,1.0
compras_tramites,baja,5743.851942869137,1.0
salud,todas,4672.178691216363,1.0
social_recreacion,todas,6594.564150048247,1.0
social_recreacion,todas,3360.6978912729196,1.0
compras_tramites,baja,2841.9934135215726,1.0
social_recreacion,todas,12865.70046249426,1.0
social_recreacion,todas,12865.70046249426,1.0
salud,todas,2900.413956345553,1.0
compras_tramites,alta,7518.377147407814,1.12721985301036
compras_tramites,baja,762.0926883424352,1.48210391383712
social_recreacion,todas,7448.52908402894,1.0
compras_tramites,media,843.169948764779,1.48210391383712
compras_tramites,media,843.169948764779,1.48210391383712
salud,todas,3310.35954960428,1.48210391383712
compras_tramites,baja,3780.93183281768,1.12721985301036
compras_tramites,baja,467.16786748047,1.48210391383712
compras_tramites,baja,1140.2860048477148,1.48210391383712
compras_tramites,baja,340.4563243487518,1.48210391383712
social_recreacion,todas,966.0662912562277,1.48210391383712
compras_tramites,baja,2565.9767361282843,1.48210391383712
compras_tramites,baja,974.4071354546825,1.48210391383712
compras_tramites,baja,1307.437119439808,1.48210391383712
compras_tramites,baja,1072.5314844591976,1.48210391383712
compras_tramites,baja,1308.5628899346268,1.48210391383712
compras_tramites,baja,1070.7327883751213,1.48210391383712
compras_tramites,baja,1509.7022885324113,1.48210391383712
compras_tramites,baja,982.3808059258703,1.48210391383712
compras_tramites,baja,1509.7022885324113,1.48210391383712
compras_tramites,baja,982.3808059258703,1.48210391383712
compras_tramites,baja,860.1035638950696,1.48210391383712
compras_tramites,baja,201.30528161538635,1.48210391383712
salud,todas,1240.4345985033078,1.48210391383712
compras_tramites,baja,997.6718802612723,1.48210391383712
compras_tramites,baja,2905.5425296494222,1.0
compras_tramites,baja,935.6853651410086,1.48210391383712
social_recreacion,todas,9108.947567641339,1.0
compras_tramites,baja,1045.9749115657603,1.48210391383712
social_recreacion,todas,12038.937369117719,1.12721985301036
social_recreacion,todas,7157.578281272169,1.12721985301036
social_recreacion,todas,3749.5441620084384,0.817907347175127
salud,todas,5387.5379088899745,1.0430735418982884
compras_tramites,baja,3678.121057771889,1.12721985301036
salud,todas,5206.827483353587,1.0
social_recreacion,todas,1252.9541342363655,1.48210391383712
compras_tramites,media,2361.378387854221,1.0
salud,todas,1675.9567559610728,1.0
compras_tramites,baja,1729.8739073561294,1.48210391383712
salud,todas,1604.6734435241217,1.0
compras_tramites,baja,4833.380762743222,1.14387994007037
compras_tramites,baja,904.206221293019,1.48210391383712
compras_tramites,baja,4833.380762743222,1.14387994007037
compras_tramites,baja,904.206221293019,1.48210391383712
compras_tramites,baja,1000.5809015891718,1.48210391383712
compras_tramites,baja,823.8494344387208,1.48210391383712
compras_tramites,baja,1671.6826854928427,1.14387994007037
compras_tramites,baja,5172.037583547223,1.0
compras_tramites,baja,5248.89712820703,1.0
compras_tramites,baja,633.3117351717478,1.48210391383712
salud,todas,4563.102577609785,0.817907347175127
compras_tramites,baja,4238.028393033281,1.0
social_recreacion,todas,3462.3177931808286,1.0
compras_tramites,baja,4328.564688857613,1.0
salud,todas,3760.0278443949055,1.12721985301036
salud,todas,3762.5093210017435,1.12721985301036
social_recreacion,todas,2483.7947160355766,1.0
salud,todas,2201.219695853656,1.42042823117339
social_recreacion,todas,6985.006963089877,1.12721985301036
compras_tramites,media,5370.642809615676,1.0
compras_tramites,media,620.0268021235554,1.48210391383712
compras_tramites,media,1626.5845783804173,1.48210391383712
compras_tramites,baja,3288.0841176951453,1.0
social_recreacion,todas,7785.780657975253,1.0
compras_tramites,baja,7875.957133364907,1.0
compras_tramites,baja,1634.4644382794017,1.12721985301036
compras_tramites,baja,1529.0086044558416,1.12721985301036
salud,todas,7486.172050698291,1.12721985301036
compras_tramites,baja,457.87314977956777,1.48210391383712
social_recreacion,todas,2138.719331494025,1.0
social_recreacion,todas,7150.038943294295,1.5058778792911116
compras_tramites,alta,2115.5653040414663,1.48210391383712
social_recreacion,todas,2785.789733356874,1.0
social_recreacion,todas,6181.35519627371,1.5058778792911116
social_recreacion,todas,8416.300039070391,1.5058778792911116
compras_tramites,baja,585.6773889320383,1.48210391383712
social_recreacion,todas,2407.815880919106,1.48210391383712
compras_tramites,media,565.2692398110502,1.48210391383712
compras_tramites,media,555.7611132843522,1.48210391383712
compras_tramites,baja,303.68995194780894,1.48210391383712
compras_tramites,baja,292.2341272956497,1.48210391383712
compras_tramites,baja,2521.6673930965303,1.14387994007037
social_recreacion,todas,2866.962352195482,1.0
compras_tramites,baja,246.56509821191239,1.48210391383712
salud,todas,10271.398078799402,1.42042823117339
salud,todas,3040.6970946296283,1.14387994007037
salud,todas,1549.9827620009198,1.48210391383712
compras_tramites,baja,6053.524593160583,0.817907347175127
compras_tramites,alta,346.6740690565852,1.48210391383712
salud,todas,2940.853310909788,0.817907347175127
compras_tramites,alta,2940.853310909788,0.817907347175127
social_recreacion,todas,4875.461741053514,1.48210391383712
social_recreacion,todas,4875.461741053514,1.48210391383712
social_recreacion,todas,3920.163449363631,1.42042823117339
compras_tramites,baja,505.31890070157675,1.48210391383712
compras_tramites,baja,3162.8893294195814,1.14387994007037
social_recreacion,todas,1322.7551738700552,1.48210391383712
compras_tramites,media,723.9540630119859,1.48210391383712
social_recreacion,todas,1292.4671239925458,1.0
social_recreacion,todas,1266.8457203233402,1.48210391383712
compras_tramites,baja,1846.7016976643115,1.0
social_recreacion,todas,3456.190272003129,1.48210391383712
salud,todas,3239.86575378349,1.48210391383712
compras_tramites,baja,7984.8745176427165,1.5058778792911116
salud,todas,5762.187123505194,1.48210391383712
salud,todas,5171.564648165606,1.48210391383712
salud,todas,1891.946517736842,1.14387994007037
compras_tramites,baja,1884.243913610062,1.14387994007037
social_recreacion,todas,1603.5203268049215,1.48210391383712
compras_tramites,baja,1458.3327384299382,1.48210391383712
compras_tramites,baja,1863.7795271910684,1.14387994007037
social_recreacion,todas,1556.9950629262003,1.48210391383712
compras_tramites,baja,1151.9182477129452,1.48210391383712
compras_tramites,baja,2186.1113058583187,0.817907347175127
salud,todas,1539.6380284953545,1.12721985301036
social_recreacion,todas,4165.327089872415,1.48210391383712
social_recreacion,todas,3306.0573421243107,1.0430735418982884
social_recreacion,todas,7109.178025911404,1.0430735418982884
compras_tramites,baja,6509.321509621797,1.48210391383712
compras_tramites,baja,2828.4453701484254,1.48210391383712
compras_tramites,baja,2638.1435182067426,1.48210391383712
salud,todas,5304.439084389602,1.0
compras_tramites,baja,3453.6965703431447,1.48210391383712
compras_tramites,baja,1288.0993750483694,1.0
compras_tramites,baja,5001.734199255295,1.0
compras_tramites,baja,1172.806036819388,1.12721985301036
social_recreacion,todas,4181.169991760679,1.0
salud,todas,4181.169991760679,1.0
salud,todas,3170.861591957549,1.0
compras_tramites,baja,1868.1407242563394,1.14387994007037
compras_tramites,media,6894.3881915044685,1.12721985301036
social_recreacion,todas,835.3885908104384,1.48210391383712
compras_tramites,media,913.3804405074386,1.48210391383712
compras_tramites,media,2054.941700055016,1.0
social_recreacion,todas,3517.6842524592794,1.0
salud,todas,3026.2428257866222,1.48210391383712
compras_tramites,baja,7341.954191667166,1.48210391383712
compras_tramites,baja,1185.569885793985,1.48210391383712
compras_tramites,baja,2254.5486558514463,1.48210391383712
social_recreacion,todas,2803.5498145208694,1.14387994007037
social_recreacion,todas,860.4275196677304,1.48210391383712
compras_tramites,baja,5750.9822218143745,1.48210391383712
compras_tramites,baja,8066.246142357767,1.48210391383712
compras_tramites,baja,6755.278059786959,1.0
compras_tramites,baja,5916.127919720803,1.0
compras_tramites,media,1151.32282614391,1.48210391383712
compras_tramites,media,1151.32282614391,1.48210391383712
compras_tramites,baja,887.9790262030756,1.48210391383712
social_recreacion,todas,1618.6820210750357,1.48210391383712
social_recreacion,todas,1250.0808864454532,1.48210391383712
social_recreacion,todas,5923.469309463521,1.0
salud,todas,802.977560031451,1.0
salud,todas,5223.7642745714575,0.817907347175127
compras_tramites,baja,1225.4958311746975,1.0
compras_tramites,baja,363.8374156667542,1.48210391383712
social_recreacion,todas,19007.02694441256,1.0
compras_tramites,baja,5249.499452328765,1.0
compras_tramites,baja,5583.233723001757,1.0
compras_tramites,baja,1614.0884859960436,1.0
compras_tramites,baja,1614.0884859960436,1.0
compras_tramites,baja,2211.1177179200567,1.0
social_recreacion,todas,724.5191461680378,1.48210391383712
compras_tramites,alta,1715.6981931677444,1.48210391383712
social_recreacion,todas,2634.4647589987326,1.14387994007037
compras_tramites,baja,1002.0414791696811,1.48210391383712
social_recreacion,todas,2634.309575292274,1.48210391383712
compras_tramites,baja,6845.182213223148,1.12721985301036
social_recreacion,todas,9618.19239469695,1.48210391383712
social_recreacion,todas,1284.6455311193824,1.14387994007037
social_recreacion,todas,3627.6190560235236,1.48210391383712
social_recreacion,todas,4311.17396925293,1.48210391383712
compras_tramites,baja,3196.981547589069,1.12721985301036
compras_tramites,baja,1104.3148615664659,1.48210391383712
compras_tramites,baja,1247.3160576438715,1.48210391383712
social_recreacion,todas,750.5601924822969,1.48210391383712
compras_tramites,baja,1936.6474989414696,1.48210391383712
compras_tramites,baja,2235.6610077562214,1.48210391383712
compras_tramites,baja,1936.6474989414696,1.48210391383712
compras_tramites,baja,2236.511792949011,1.48210391383712
salud,todas,5115.731506603553,1.48210391383712
compras_tramites,baja,3065.649852090907,1.12721985301036
compras_tramites,baja,2688.7097742225733,1.0
compras_tramites,baja,4606.160470742044,1.0
social_recreacion,todas,10828.832049110908,1.0
social_recreacion,todas,5347.597805560836,1.0430735418982884
compras_tramites,media,1741.436229553515,1.48210391383712
social_recreacion,todas,4623.993076622872,1.48210391383712
compras_tramites,media,6897.168604987484,1.48210391383712
social_recreacion,todas,5662.084240048557,1.48210391383712
social_recreacion,todas,2514.509383837382,1.48210391383712
salud,todas,2866.133736364471,1.12721985301036
compras_tramites,media,703.478317479695,1.48210391383712
social_recreacion,todas,1070.138690266944,1.0
social_recreacion,todas,10824.224890155241,1.0
salud,todas,4175.051246410785,1.0
social_recreacion,todas,443.15481652155154,1.48210391383712
compras_tramites,alta,1881.2975287289255,1.0
compras_tramites,alta,298.59186616360216,1.48210391383712
salud,todas,701.928777575804,1.48210391383712
compras_tramites,media,1236.4451347670315,1.48210391383712
salud,todas,17156.776858144312,1.48210391383712
compras_tramites,media,1747.513487966545,1.48210391383712
compras_tramites,media,1747.5447354900712,1.48210391383712
compras_tramites,alta,289.92515871557265,1.48210391383712
social_recreacion,todas,7422.463984261308,1.0
compras_tramites,alta,2839.1160295242535,1.0
social_recreacion,todas,185.01533139597512,1.48210391383712
compras_tramites,media,1323.522499115169,1.48210391383712
social_recreacion,todas,182.9193197534435,1.48210391383712
salud,todas,2331.730621535483,1.0
compras_tramites,media,2472.2297153834634,1.48210391383712
compras_tramites,media,6649.8813267724,1.0
compras_tramites,media,6649.511344314262,1.0
compras_tramites,media,253.72379790827662,1.48210391383712
salud,todas,587.9549435330908,1.48210391383712
salud,todas,1299.4741785141405,1.48210391383712
compras_tramites,media,173.36514256404024,1.48210391383712
social_recreacion,todas,6962.022932488803,1.0
salud,todas,3055.2441602769245,1.48210391383712
salud,todas,2799.4463745366243,1.48210391383712
compras_tramites,alta,6603.805973005382,1.0
salud,todas,3844.2171851498665,1.0
compras_tramites,alta,6603.805973005382,1.0
compras_tramites,alta,195.19758619473245,1.48210391383712
compras_tramites,baja,497.46684876984517,1.48210391383712
salud,todas,3449.3484308860784,1.48210391383712
compras_tramites,alta,4426.221893884925,1.0
salud,todas,2763.786469576487,0.817907347175127
compras_tramites,media,1962.5197135255896,1.48210391383712
compras_tramites,alta,488.2602015463297,1.48210391383712
compras_tramites,alta,481.3079114912433,1.48210391383712
compras_tramites,alta,2176.50899611195,1.0
compras_tramites,alta,2249.1879958387203,1.0
compras_tramites,alta,979.3943166769259,1.48210391383712
salud,todas,2880.8718298459585,1.0
salud,todas,10635.538065439203,1.12721985301036
salud,todas,5259.295622637033,1.0
compras_tramites,media,1322.6946985699308,1.48210391383712
compras_tramites,alta,138.07132724157466,1.48210391383712
social_recreacion,todas,799.6738989904338,1.48210391383712
salud,todas,1897.0496171687234,1.48210391383712
compras_tramites,media,5458.159913434655,0.817907347175127
compras_tramites,media,2262.9183901822444,1.0
compras_tramites,media,1186.4564427845635,1.48210391383712
compras_tramites,media,973.2252517403152,1.48210391383712
compras_tramites,media,2134.4738229775885,1.0
salud,todas,1137.3174239637597,1.14387994007037
salud,todas,9636.800780457515,1.0
compras_tramites,media,753.0977692172511,1.48210391383712
compras_tramites,media,753.0977692172511,1.48210391383712
salud,todas,1802.3338385618242,1.0
salud,todas,1802.3338385618242,1.0
compras_tramites,alta,1187.9269117484669,1.48210391383712
salud,todas,8345.986948265914,0.817907347175127
compras_tramites,alta,9894.382454566156,1.0
compras_tramites,alta,11130.880929451407,1.12721985301036
social_recreacion,todas,676.0665647700675,1.48210391383712
salud,todas,426.37258249278,1.48210391383712
salud,todas,1500.771307228907,1.0
compras_tramites,baja,12065.336190534643,1.48210391383712
compras_tramites,alta,1830.2756665663783,1.0
compras_tramites,baja,170.62185207718852,1.48210391383712
compras_tramites,baja,8678.571930560134,0.817907347175127
compras_tramites,baja,907.4456616824227,1.48210391383712
salud,todas,776.8684841088372,1.48210391383712
compras_tramites,baja,596.6111360478029,1.48210391383712
compras_tramites,media,3031.647583623311,1.12721985301036
compras_tramites,media,263.98771870107896,1.48210391383712
compras_tramites,media,1814.4222934005916,1.48210391383712
compras_tramites,baja,7048.545755375714,1.48210391383712
salud,todas,5299.216176654248,1.0
compras_tramites,alta,11906.655309087186,1.12721985301036
compras_tramites,media,588.2299720347477,1.48210391383712
compras_tramites,baja,106.77914195314551,1.48210391383712
compras_tramites,baja,1134.479609932044,1.48210391383712
social_recreacion,todas,11246.84268303394,1.12721985301036
compras_tramites,baja,4598.231348590048,1.0
compras_tramites,alta,4386.770404192765,1.0
salud,todas,1794.3079513879613,1.0
compras_tramites,alta,9326.974107027641,1.0
compras_tramites,alta,761.8687762512403,1.0
social_recreacion,todas,6242.2057800107805,1.0
compras_tramites,baja,1818.9122846949115,1.48210391383712
compras_tramites,baja,1818.9122846949115,1.48210391383712
compras_tramites,alta,10819.627216070181,1.12721985301036
compras_tramites,alta,4324.360889488649,1.48210391383712
compras_tramites,alta,472.47702593783595,1.48210391383712
compras_tramites,media,191.45300704415692,1.48210391383712
social_recreacion,todas,2112.711206388976,1.14387994007037
compras_tramites,media,2112.711206388976,1.48210391383712
compras_tramites,alta,7314.638030456569,1.0
salud,todas,11190.50511664353,1.0
compras_tramites,baja,2485.5136920718346,1.0
salud,todas,7584.151979621716,1.0
compras_tramites,alta,7217.042766802173,1.0
compras_tramites,baja,545.9125325215226,1.48210391383712
compras_tramites,media,3944.542026376644,1.0
compras_tramites,baja,13655.886617590964,1.0
compras_tramites,baja,1947.9432031392112,1.48210391383712
compras_tramites,baja,398.161361418411,1.48210391383712
salud,todas,7751.510256072684,1.12721985301036
compras_tramites,media,265.57720158176227,1.48210391383712
social_recreacion,todas,9083.698421711366,1.0
compras_tramites,alta,9083.698421711366,1.0
compras_tramites,alta,12591.827245436074,1.0
compras_tramites,alta,6940.702988150881,1.0
compras_tramites,media,8032.117823310305,1.0
salud,todas,8945.330437754941,1.0
salud,todas,4292.004150274853,1.0
compras_tramites,baja,1583.0282913735505,1.48210391383712
compras_tramites,alta,5454.906459100748,1.12721985301036
compras_tramites,baja,13061.623413320653,1.0
compras_tramites,alta,2940.6552231775763,1.0
social_recreacion,todas,1465.1844970349512,1.0430735418982884
social_recreacion,todas,1465.1844970349512,1.48210391383712
salud,todas,894.9211344660838,1.0430735418982884
compras_tramites,alta,151.29333379750247,1.48210391383712
compras_tramites,baja,1113.6801329271177,1.48210391383712
compras_tramites,baja,1290.8578607273391,1.48210391383712
compras_tramites,alta,130.85589640898877,1.48210391383712
compras_tramites,media,1993.8257805445446,1.0
compras_tramites,baja,11125.768831974672,1.0
social_recreacion,todas,2761.625678948,1.48210391383712
compras_tramites,baja,1313.6417072993115,1.14387994007037
compras_tramites,media,7342.880982691778,1.0
salud,todas,7716.411447932845,0.817907347175127
compras_tramites,baja,4206.05148119944,1.12721985301036
compras_tramites,baja,3357.335276697317,1.48210391383712
compras_tramites,baja,2121.509475373976,1.48210391383712
compras_tramites,baja,1095.3433126907062,1.48210391383712
social_recreacion,todas,6090.661245723345,1.48210391383712
social_recreacion,todas,5764.637489957629,1.5058778792911116
social_recreacion,todas,5208.940474622845,1.5058778792911116
social_recreacion,todas,1640.2554658235597,1.0430735418982884
social_recreacion,todas,697.9516906634727,1.48210391383712
social_recreacion,todas,2186.62057702098,1.48210391383712
social_recreacion,todas,2874.507562616432,1.14387994007037
social_recreacion,todas,2785.644784993963,1.14387994007037
compras_tramites,media,5760.2970695183385,1.48210391383712
compras_tramites,baja,4875.784414856367,1.48210391383712
social_recreacion,todas,6682.07296147685,1.48210391383712
compras_tramites,baja,2993.653338731791,1.48210391383712
compras_tramites,baja,1877.0043547249031,1.12721985301036
compras_tramites,baja,6352.843546704597,1.48210391383712
compras_tramites,baja,1920.6588207341933,1.48210391383712
compras_tramites,baja,1019.0025266966037,1.48210391383712
salud,todas,695.2700127468464,1.0430735418982884
salud,todas,695.2700127468464,1.0430735418982884
compras_tramites,baja,2352.0310340961837,1.12721985301036
compras_tramites,baja,359.39283787251867,1.48210391383712
social_recreacion,todas,598.837705606661,1.48210391383712
compras_tramites,media,752.1759710375292,1.48210391383712
compras_tramites,media,340.22800833595403,1.48210391383712
compras_tramites,baja,544.7515354283662,1.48210391383712
compras_tramites,baja,3936.131557840134,1.0
salud,todas,2484.113934592989,1.48210391383712
compras_tramites,media,2312.6152538846577,1.48210391383712
social_recreacion,todas,1779.3713714509015,1.48210391383712
compras_tramites,baja,545.6206194340189,1.48210391383712
compras_tramites,baja,1477.1774605645728,1.48210391383712
social_recreacion,todas,1561.9559981123227,1.48210391383712
social_recreacion,todas,1779.358561567904,1.14387994007037
compras_tramites,baja,6817.175147034992,1.48210391383712
compras_tramites,baja,762.9485521082418,1.48210391383712
social_recreacion,todas,1503.6326017270849,1.48210391383712
compras_tramites,baja,851.2062603483658,1.48210391383712
compras_tramites,baja,851.2062603483658,1.48210391383712
compras_tramites,baja,173.0293056825924,1.48210391383712
social_recreacion,todas,1162.5395595587543,1.0430735418982884
social_recreacion,todas,1395.813746753126,1.48210391383712
social_recreacion,todas,1162.5395595587543,1.48210391383712
compras_tramites,alta,3036.843426981378,1.48210391383712
compras_tramites,baja,4261.929230480605,1.0
compras_tramites,baja,1122.7317846022931,1.0
compras_tramites,baja,2864.632650560321,1.0
social_recreacion,todas,1575.6186362549988,1.48210391383712
social_recreacion,todas,2975.8086512587215,1.48210391383712
social_recreacion,todas,994.3578648940041,1.0430735418982884
social_recreacion,todas,743.1902935991562,1.0430735418982884
social_recreacion,todas,134.82269896515942,1.0430735418982884
compras_tramites,alta,1703.664252072298,1.48210391383712
social_recreacion,todas,994.3578648940041,1.48210391383712
social_recreacion,todas,994.3578648940041,1.48210391383712
social_recreacion,todas,994.3578648940041,1.48210391383712
social_recreacion,todas,3215.527345607803,1.0430735418982884
social_recreacion,todas,6972.738343004132,1.48210391383712
compras_tramites,baja,5426.589110933888,1.48210391383712
compras_tramites,baja,5201.948975203909,1.48210391383712
social_recreacion,todas,249.89949737657037,1.48210391383712
social_recreacion,todas,3659.5673157460246,1.14387994007037
compras_tramites,baja,1542.6809510075511,1.48210391383712
social_recreacion,todas,1542.6809510075511,1.48210391383712
compras_tramites,baja,1603.5603953098398,1.48210391383712
social_recreacion,todas,1603.5603953098398,1.48210391383712
social_recreacion,todas,7677.819470162492,1.48210391383712
social_recreacion,todas,6639.788995906139,1.48210391383712
compras_tramites,baja,646.8413525367425,1.48210391383712
social_recreacion,todas,677.2919537577573,1.48210391383712
compras_tramites,baja,2287.234127522052,1.48210391383712
salud,todas,5972.157459633516,1.48210391383712
compras_tramites,baja,620.7528978234818,1.14387994007037
compras_tramites,baja,613.811707692188,1.14387994007037
compras_tramites,baja,183.82566734969984,1.48210391383712
compras_tramites,baja,424.8459566879065,1.48210391383712
salud,todas,1906.3118227679856,1.48210391383712
compras_tramites,baja,7837.635478294777,1.48210391383712
salud,todas,3275.9153354682794,1.48210391383712
social_recreacion,todas,3275.9153354682794,1.48210391383712
social_recreacion,todas,511.14522535797005,1.48210391383712
social_recreacion,todas,2694.2605347481826,1.48210391383712
salud,todas,2694.2605347481826,1.48210391383712
compras_tramites,baja,872.3021136848531,1.48210391383712
social_recreacion,todas,3472.8703996118256,1.14387994007037
compras_tramites,baja,10825.910620618712,1.48210391383712
social_recreacion,todas,1035.7717651172302,1.48210391383712
social_recreacion,todas,19328.76547766631,1.48210391383712
social_recreacion,todas,19328.76547766631,1.14387994007037
compras_tramites,baja,5265.269514706726,1.48210391383712
compras_tramites,baja,1653.2028434531446,1.0
compras_tramites,baja,726.2908934538988,1.48210391383712
compras_tramites,baja,3565.9683472944976,1.48210391383712
compras_tramites,baja,2277.0723013608945,1.0
social_recreacion,todas,1608.5692427710603,1.48210391383712
social_recreacion,todas,1299.866859543339,1.14387994007037
compras_tramites,baja,2540.3450677962164,1.48210391383712
compras_tramites,baja,6774.679300816109,1.48210391383712
social_recreacion,todas,7804.339704775739,1.14387994007037
compras_tramites,baja,10163.212761174798,1.12721985301036
compras_tramites,media,549.2665786428868,1.48210391383712
compras_tramites,media,2026.054355385502,1.0
compras_tramites,media,4256.639145664834,1.12721985301036
compras_tramites,baja,2305.8517222577566,1.48210391383712
compras_tramites,baja,9891.805826036012,1.12721985301036
social_recreacion,todas,1756.6761271290163,1.48210391383712
compras_tramites,baja,595.3844485721495,1.48210391383712
social_recreacion,todas,3041.4238353588707,1.14387994007037
social_recreacion,todas,814.6057526353239,1.14387994007037
compras_tramites,baja,622.6050872957612,1.48210391383712
social_recreacion,todas,13140.649844841257,1.12721985301036
social_recreacion,todas,2101.414010785729,1.48210391383712
compras_tramites,baja,2312.7803960074225,1.0
compras_tramites,baja,754.8898725817975,1.12721985301036
compras_tramites,baja,1766.597256921923,1.12721985301036
compras_tramites,baja,1252.698166474695,1.48210391383712
compras_tramites,baja,1766.597256921923,1.12721985301036
compras_tramites,baja,1408.5076377588443,1.0
compras_tramites,baja,1892.7697094077669,1.0
social_recreacion,todas,5119.374141683636,1.14387994007037
social_recreacion,todas,9257.853507293146,1.48210391383712
social_recreacion,todas,5028.523742832141,1.48210391383712
social_recreacion,todas,14215.440542329316,1.0
compras_tramites,baja,620.9710263973674,1.48210391383712
compras_tramites,baja,3012.6082352184876,1.0430735418982884
social_recreacion,todas,1439.0350855830661,1.48210391383712
social_recreacion,todas,1439.0350855830661,1.14387994007037
compras_tramites,baja,3416.485265779594,1.12721985301036
social_recreacion,todas,6472.024730960479,1.14387994007037
social_recreacion,todas,6472.024730960479,1.14387994007037
compras_tramites,baja,1759.8817057302638,1.12721985301036
social_recreacion,todas,528.8538840398759,1.48210391383712
compras_tramites,alta,3229.147551623532,1.12721985301036
compras_tramites,alta,487.86564812968743,1.48210391383712
compras_tramites,alta,1921.5309735277656,1.12721985301036
compras_tramites,baja,2083.550926162848,1.48210391383712
social_recreacion,todas,524.8490640546694,1.14387994007037
salud,todas,2765.3540015531917,1.12721985301036
compras_tramites,baja,1374.0946166931155,1.48210391383712
social_recreacion,todas,898.0868554878198,1.48210391383712
compras_tramites,baja,378.66153179860044,1.48210391383712
social_recreacion,todas,726.8273583108045,1.48210391383712
compras_tramites,baja,723.8691180040768,1.48210391383712
social_recreacion,todas,6579.156130585821,1.14387994007037
salud,todas,1884.7985720565905,1.48210391383712
salud,todas,1184.287232895804,1.48210391383712
compras_tramites,baja,1907.5228294116332,1.48210391383712
compras_tramites,baja,154.70425729941144,1.48210391383712
compras_tramites,baja,374.39318742341254,1.12721985301036
compras_tramites,baja,92.19815616377586,1.48210391383712
compras_tramites,baja,533.6828421230746,1.48210391383712
social_recreacion,todas,2208.560728882967,1.48210391383712
compras_tramites,baja,1066.1873630671405,1.48210391383712
compras_tramites,baja,1090.3551618194183,1.48210391383712
social_recreacion,todas,265.77440651095435,1.48210391383712
salud,todas,1183.5194337229955,1.48210391383712
compras_tramites,baja,2349.3352658584618,1.48210391383712
compras_tramites,baja,105.35245903632246,1.48210391383712
compras_tramites,baja,2349.3352658584618,1.48210391383712
compras_tramites,baja,105.35245903632246,1.48210391383712
compras_tramites,baja,271.86728616930446,1.48210391383712
compras_tramites,baja,2349.3352658584618,1.48210391383712
compras_tramites,baja,105.35245903632246,1.48210391383712
compras_tramites,baja,378.6691552022194,1.0430735418982884
compras_tramites,baja,648.7449007807787,1.48210391383712
compras_tramites,baja,5444.1514719926745,1.12721985301036
compras_tramites,baja,138.3211983256724,1.48210391383712
social_recreacion,todas,3965.995267510296,1.48210391383712
compras_tramites,baja,2726.3682618850416,1.14387994007037
compras_tramites,baja,358.0422461107069,1.48210391383712
social_recreacion,todas,5809.252843322991,1.0
salud,todas,2089.3162691790467,1.48210391383712
social_recreacion,todas,3401.233342480342,1.0
social_recreacion,todas,1754.1041160660902,1.0430735418982884
social_recreacion,todas,1754.1041160660902,1.48210391383712
social_recreacion,todas,3427.061199032498,1.48210391383712
social_recreacion,todas,3999.8618170711925,1.48210391383712
compras_tramites,baja,2487.1261043198156,1.12721985301036
compras_tramites,baja,222.76949970765747,1.48210391383712
compras_tramites,baja,2487.1261043198156,1.12721985301036
compras_tramites,baja,222.76949970765747,1.48210391383712
compras_tramites,baja,534.7645738210998,1.48210391383712
compras_tramites,baja,3102.724546322403,1.48210391383712
compras_tramites,baja,1510.6011094640644,1.48210391383712
compras_tramites,baja,534.7645738210998,1.48210391383712
compras_tramites,baja,3102.724546322403,1.48210391383712
compras_tramites,baja,1883.086256031903,1.48210391383712
compras_tramites,baja,3459.968989768008,1.12721985301036
salud,todas,2395.4211798567385,1.48210391383712
compras_tramites,alta,380.61819703485344,1.48210391383712
social_recreacion,todas,341.8812513710901,1.48210391383712
salud,todas,5196.520889262263,1.48210391383712
compras_tramites,baja,15242.895912452186,1.12721985301036
compras_tramites,alta,288.133025918585,1.48210391383712
salud,todas,2023.9178628652398,1.0
salud,todas,2023.9178628652398,1.0
compras_tramites,alta,4816.52476273496,1.0
compras_tramites,alta,2283.500881194063,1.0
salud,todas,417.65418185982526,1.14387994007037
compras_tramites,media,1181.6370414201858,1.48210391383712
compras_tramites,baja,9681.525914604385,1.0
compras_tramites,baja,9537.44813801635,1.0
compras_tramites,baja,1301.1815844166408,1.48210391383712
compras_tramites,baja,1372.2949770024848,1.48210391383712
compras_tramites,alta,9911.841718418256,1.0
compras_tramites,baja,1444.241650932787,1.0
compras_tramites,baja,1440.296066365892,1.0
compras_tramites,baja,513.3579185510462,1.0
compras_tramites,baja,759.3665225864253,1.48210391383712
compras_tramites,baja,2265.272586384473,1.48210391383712
compras_tramites,alta,321.49017195563306,1.48210391383712
compras_tramites,baja,281.5700696124546,1.48210391383712
compras_tramites,baja,2790.154635611618,1.14387994007037
compras_tramites,baja,10050.785552515597,1.12721985301036
compras_tramites,baja,7797.913435105974,1.12721985301036
compras_tramites,baja,1665.0363080805664,1.48210391383712
compras_tramites,baja,9405.26872087736,1.12721985301036
compras_tramites,baja,6899.427854732322,1.0
salud,todas,907.5060455204967,1.48210391383712
compras_tramites,baja,479.52111528065166,1.48210391383712
compras_tramites,baja,907.5060455204967,1.48210391383712
compras_tramites,baja,266.0496018132709,1.48210391383712
compras_tramites,alta,11134.115881816866,1.0
social_recreacion,todas,1893.434166113586,0.817907347175127
social_recreacion,todas,1883.724652492038,1.0
social_recreacion,todas,8933.796785241984,1.12721985301036
compras_tramites,baja,2649.301278757288,1.0
compras_tramites,baja,658.2163880340283,1.48210391383712
compras_tramites,baja,101.00039159113443,1.48210391383712
compras_tramites,baja,135.04727181620515,1.48210391383712
compras_tramites,baja,1703.6976881184055,1.14387994007037
compras_tramites,baja,9713.934801165235,1.0
compras_tramites,baja,11663.998009533705,1.0
social_recreacion,todas,6018.546672399539,1.48210391383712
salud,todas,1252.3414387065384,1.14387994007037
salud,todas,4635.922562328479,1.0
compras_tramites,alta,4853.540514347651,1.0
salud,todas,6288.11164092918,1.0430735418982884
salud,todas,6839.124162676095,1.12721985301036
salud,todas,6288.11164092918,1.0430735418982884
salud,todas,6839.03229466999,1.12721985301036
social_recreacion,todas,10108.264360214198,1.0
social_recreacion,todas,688.5384883940766,1.48210391383712
social_recreacion,todas,688.993803973637,1.48210391383712
social_recreacion,todas,1128.3398773890117,1.14387994007037
social_recreacion,todas,1128.5597089217576,1.48210391383712
compras_tramites,alta,7241.9791882122945,1.0
compras_tramites,media,1378.4860864821958,1.0
compras_tramites,media,1887.630082696703,1.48210391383712
compras_tramites,baja,844.9092499345713,1.48210391383712
social_recreacion,todas,1200.8685890488027,1.0
compras_tramites,baja,381.3765414996706,1.48210391383712
social_recreacion,todas,14239.299258703226,1.0
compras_tramites,alta,983.6724894019604,1.48210391383712
social_recreacion,todas,9931.940033896402,1.0
compras_tramites,alta,281.3008582488907,1.48210391383712
compras_tramites,alta,2869.3382677416344,1.0
compras_tramites,baja,833.8918006289845,1.48210391383712
compras_tramites,baja,1099.782482488725,1.0
social_recreacion,todas,317.41480771421175,1.48210391383712
salud,todas,8813.673029198724,1.12721985301036
compras_tramites,media,213.15042232907373,1.48210391383712
compras_tramites,alta,722.8078523413052,1.48210391383712
social_recreacion,todas,10165.647510398148,1.12721985301036
compras_tramites,baja,957.5666507481346,1.48210391383712
social_recreacion,todas,1053.9648950510639,1.48210391383712
salud,todas,13185.76392378941,1.12721985301036
compras_tramites,baja,5929.140707085139,1.42042823117339
compras_tramites,baja,5929.140707085139,1.42042823117339
social_recreacion,todas,1288.4406094584112,1.48210391383712
compras_tramites,baja,632.9464827297802,1.48210391383712
compras_tramites,alta,9767.893583700634,1.0
compras_tramites,baja,2569.9681547455507,1.14387994007037
compras_tramites,alta,1187.9149686136,1.0
compras_tramites,alta,1386.2131366970818,1.12721985301036
compras_tramites,alta,175.28409974952092,1.48210391383712
compras_tramites,baja,715.3743781940772,1.48210391383712
compras_tramites,baja,5469.980042025405,1.0
compras_tramites,alta,5857.282459682135,1.14387994007037
compras_tramites,media,3999.784781441567,1.0
salud,todas,2143.7444460569454,1.42042823117339
compras_tramites,media,2536.93230410766,1.48210391383712
compras_tramites,media,942.4035614619938,1.48210391383712
social_recreacion,todas,2250.848250694891,1.0
social_recreacion,todas,3436.793374104568,1.0430735418982884
salud,todas,2357.503168906937,1.14387994007037
social_recreacion,todas,8162.497082275991,1.14387994007037
compras_tramites,baja,2111.7118502476997,1.48210391383712
social_recreacion,todas,8162.497082275991,1.14387994007037
compras_tramites,alta,3273.8376282898103,1.0
salud,todas,3062.4600635151146,1.14387994007037
compras_tramites,baja,1481.1146117583414,1.48210391383712
compras_tramites,alta,4609.407934204376,1.48210391383712
compras_tramites,alta,728.6461868595759,1.48210391383712
compras_tramites,alta,728.6461868595759,1.48210391383712
salud,todas,2571.570878890226,1.12721985301036
social_recreacion,todas,1086.73224021102,1.14387994007037
social_recreacion,todas,1088.5309880357393,1.48210391383712
compras_tramites,media,994.7439845138861,1.48210391383712
compras_tramites,media,317.3166932089494,1.48210391383712
compras_tramites,media,2803.2650410949373,1.0
compras_tramites,alta,1486.5907360809035,1.48210391383712
compras_tramites,alta,496.51600336903795,1.14387994007037
salud,todas,2769.7278086102724,1.12721985301036
salud,todas,3476.0466190280376,1.0
social_recreacion,todas,1308.8521692599827,0.817907347175127
compras_tramites,alta,2532.784789522999,1.48210391383712
compras_tramites,alta,18993.226662850266,1.12721985301036
compras_tramites,alta,18993.226662850266,1.12721985301036
compras_tramites,alta,4866.240491036337,1.0
compras_tramites,baja,1947.5571918752476,1.48210391383712
compras_tramites,baja,1947.5571918752476,1.48210391383712
compras_tramites,alta,496.667708332241,1.48210391383712
salud,todas,1957.1182348433244,1.0
compras_tramites,baja,19140.703243615586,1.0430735418982884
social_recreacion,todas,4442.554902587024,1.0
social_recreacion,todas,14081.862607936106,1.48210391383712
compras_tramites,baja,496.65973324299205,1.48210391383712
compras_tramites,baja,2173.8161801670926,1.48210391383712
social_recreacion,todas,8966.870494320416,1.0
salud,todas,7501.288127988523,1.0
compras_tramites,media,1695.699190058208,1.48210391383712
salud,todas,14409.878448833504,0.817907347175127
social_recreacion,todas,2204.680762746616,1.0430735418982884
social_recreacion,todas,1245.0162163226028,1.48210391383712
compras_tramites,baja,16914.62664382516,1.12721985301036
compras_tramites,baja,18673.199137149077,1.12721985301036
salud,todas,3289.9782259977137,1.0
social_recreacion,todas,3979.3527190360996,1.0
salud,todas,821.7888031082332,1.14387994007037
compras_tramites,baja,2790.955986985295,1.48210391383712
compras_tramites,alta,19743.03840521328,1.12721985301036
compras_tramites,alta,19679.957214433016,1.12721985301036
compras_tramites,baja,1479.7185978780728,1.0
salud,todas,2956.3182882242336,1.0
compras_tramites,media,838.1175544971302,1.48210391383712
compras_tramites,baja,2059.2819373889165,1.48210391383712
compras_tramites,baja,990.0973772343052,1.48210391383712
compras_tramites,media,5053.424743738151,1.12721985301036
salud,todas,1589.2979778820584,1.0
social_recreacion,todas,599.7771794917363,1.48210391383712
compras_tramites,baja,17991.359451988727,1.48210391383712
social_recreacion,todas,4781.317733180363,1.48210391383712
compras_tramites,baja,5429.822016319343,1.0
compras_tramites,baja,2032.4141243485694,1.48210391383712
compras_tramites,baja,1963.632205499941,1.48210391383712
compras_tramites,baja,2300.4665092446467,1.48210391383712
social_recreacion,todas,5209.039175213242,1.12721985301036
compras_tramites,media,1137.958706017737,1.48210391383712
compras_tramites,baja,5860.343205423344,1.48210391383712
compras_tramites,media,123.7301120382585,1.48210391383712
salud,todas,19693.80819572487,0.817907347175127
compras_tramites,media,1550.1471704325368,1.48210391383712
salud,todas,1056.1583762035882,1.48210391383712
compras_tramites,media,3313.5032079038438,1.48210391383712
social_recreacion,todas,1405.2226055999322,1.0
social_recreacion,todas,1478.8700160643134,1.48210391383712
compras_tramites,media,2616.655239160291,1.48210391383712
social_recreacion,todas,1678.0997673265922,0.817907347175127
compras_tramites,baja,815.6356039780035,1.48210391383712
compras_tramites,baja,1406.6959796279943,1.0
compras_tramites,media,16941.943019770675,1.12721985301036
compras_tramites,baja,863.7266057115888,1.48210391383712
compras_tramites,baja,152.28368687769054,1.48210391383712
compras_tramites,baja,891.5117696091075,1.0
salud,todas,901.4120525467598,1.0
compras_tramites,baja,3654.604151465142,1.48210391383712
salud,todas,5063.995745953886,1.0430735418982884
salud,todas,5063.995745953886,1.0430735418982884
salud,todas,2919.3023841589707,1.0
compras_tramites,alta,1106.1940381325512,1.48210391383712
compras_tramites,alta,1106.1940381325512,1.48210391383712
salud,todas,4587.395581662459,1.0
salud,todas,4527.530307847377,1.0
compras_tramites,media,3668.5998185828676,1.48210391383712
compras_tramites,baja,3042.6627076524705,1.0
salud,todas,3890.3487905217526,0.817907347175127
salud,todas,1664.9429243689556,1.0
compras_tramites,media,815.0775293837083,1.48210391383712
compras_tramites,alta,1404.182470392025,1.14387994007037
compras_tramites,alta,301.157149850788,1.48210391383712
compras_tramites,media,2648.0365197927786,0.817907347175127
social_recreacion,todas,521.287042486251,1.14387994007037
social_recreacion,todas,522.9999785268279,1.48210391383712
salud,todas,843.5050223064768,1.48210391383712
compras_tramites,alta,2122.2252214656673,1.0
compras_tramites,alta,608.9398646738957,1.48210391383712
compras_tramites,alta,608.9398646738957,1.48210391383712
compras_tramites,baja,4853.757011728775,1.0
compras_tramites,media,3613.5758498821583,1.0
compras_tramites,baja,2234.317653984377,1.0
salud,todas,3595.7941274809605,1.0
salud,todas,3597.582152602851,1.0
compras_tramites,media,751.964531894,1.48210391383712
compras_tramites,media,751.964531894,1.48210391383712
compras_tramites,media,751.964531894,1.48210391383712
salud,todas,3464.9133308966043,1.48210391383712
compras_tramites,alta,2771.482044440528,1.0
salud,todas,3859.128397106212,1.0
salud,todas,11578.930332020704,1.12721985301036
compras_tramites,baja,3402.126490910685,1.0
compras_tramites,baja,203.06380809058516,1.48210391383712
compras_tramites,alta,2741.4770197833136,1.48210391383712
compras_tramites,alta,5768.53498651304,1.48210391383712
compras_tramites,alta,2741.4770197833136,1.48210391383712
compras_tramites,alta,5768.53498651304,1.48210391383712
compras_tramites,alta,3648.2328000658845,1.14387994007037
compras_tramites,alta,1896.2707030119836,1.48210391383712
social_recreacion,todas,372.39480477713437,1.48210391383712
salud,todas,3840.052325210109,1.0
salud,todas,3840.052325210109,1.0
compras_tramites,media,4122.305794394686,1.48210391383712
compras_tramites,media,4143.073599111684,1.48210391383712
compras_tramites,media,3599.0833610850227,1.48210391383712
compras_tramites,baja,16345.748419439275,1.12721985301036
compras_tramites,alta,1505.9379477717741,1.0
salud,todas,11919.533897309138,1.48210391383712
compras_tramites,media,8767.90627004826,1.0
salud,todas,557.0366777435419,1.48210391383712
compras_tramites,media,800.5867629676765,1.14387994007037
salud,todas,10464.672517122788,0.817907347175127
salud,todas,6787.68133512664,1.42042823117339
compras_tramites,baja,4840.415801745658,1.0
compras_tramites,media,9775.812691799912,1.0
salud,todas,7390.03995841119,1.48210391383712
compras_tramites,media,1002.438527280632,1.48210391383712
compras_tramites,alta,656.7246378810529,1.48210391383712
compras_tramites,media,326.58076055405115,1.48210391383712
compras_tramites,baja,3066.0675752462735,1.48210391383712
salud,todas,14754.291906860579,1.0
social_recreacion,todas,1158.771608482448,1.48210391383712
compras_tramites,baja,11312.171111241201,1.0
compras_tramites,media,3333.679446109668,1.0
compras_tramites,alta,1249.4869087574507,1.14387994007037
compras_tramites,media,1753.7294735523635,1.48210391383712
compras_tramites,media,18177.244380960394,1.48210391383712
social_recreacion,todas,2732.044269521451,1.0
salud,todas,12282.778081143737,1.0
salud,todas,9919.200186892906,1.0
compras_tramites,media,2693.3380095689927,1.0
compras_tramites,alta,1357.4891807953986,1.48210391383712
compras_tramites,alta,452.26012396248524,1.48210391383712
compras_tramites,alta,205.46547763553858,1.48210391383712
salud,todas,8558.588684218035,1.0
salud,todas,8558.588684218035,1.0
salud,todas,3951.4242271428616,1.48210391383712
compras_tramites,media,155.87941052300653,1.48210391383712
compras_tramites,media,9822.436617136109,1.0
compras_tramites,baja,8300.241147252233,1.48210391383712
salud,todas,8080.530633102012,1.0430735418982884
compras_tramites,media,309.0344084806739,1.48210391383712
salud,todas,10952.976456954591,1.48210391383712
compras_tramites,baja,1451.9976756179742,1.48210391383712
compras_tramites,media,9615.130095526854,1.0
compras_tramites,media,11121.402641038654,1.0430735418982884
social_recreacion,todas,372.6942498969497,1.5058778792911116
social_recreacion,todas,372.6942498969497,1.5058778792911116
salud,todas,8736.595446740108,1.0
compras_tramites,alta,10692.786887563576,1.0
compras_tramites,baja,11179.998654300289,1.0
social_recreacion,todas,2407.4302981862215,1.48210391383712
social_recreacion,todas,2439.893212955231,1.48210391383712
compras_tramites,alta,12248.44590205733,1.0
compras_tramites,media,6433.886306113903,1.0
salud,todas,2729.8525932115936,1.0
salud,todas,2481.5074244612388,1.0
compras_tramites,baja,2009.2881962685349,1.48210391383712
salud,todas,2481.5074244612388,1.0
compras_tramites,baja,2009.2881962685349,1.48210391383712
social_recreacion,todas,1693.456049215627,1.48210391383712
social_recreacion,todas,8275.23952825536,1.48210391383712
compras_tramites,baja,1900.3973638755133,1.0
compras_tramites,alta,2999.9080573476017,1.0
compras_tramites,alta,1683.9753842400912,1.48210391383712
social_recreacion,todas,1653.9613152146462,1.48210391383712
salud,todas,2472.8600541996407,1.0
salud,todas,1595.7307743167587,1.0
compras_tramites,alta,4502.913391974689,1.14387994007037
compras_tramites,alta,460.5881949763395,1.48210391383712
compras_tramites,media,7780.4641380898065,1.0
compras_tramites,media,310.6029685974725,1.48210391383712
social_recreacion,todas,7912.742670054423,1.5058778792911116
social_recreacion,todas,2344.569949905526,1.5058778792911116
social_recreacion,todas,4721.257187515213,1.48210391383712
social_recreacion,todas,7912.742670054423,1.48210391383712
salud,todas,3616.4793675099268,1.0
compras_tramites,alta,149.85860849167958,1.48210391383712
compras_tramites,alta,6553.179314569857,1.48210391383712
social_recreacion,todas,281.38341974297276,1.48210391383712
compras_tramites,alta,3186.594956225071,1.0
compras_tramites,alta,2490.5105682620583,1.0
social_recreacion,todas,799.4378591391578,1.48210391383712
compras_tramites,alta,2670.693608884977,1.0
compras_tramites,alta,891.8873334816456,1.48210391383712
compras_tramites,alta,1524.3414202943513,1.14387994007037
salud,todas,578.9936885720344,1.48210391383712
compras_tramites,media,1755.1137897695016,1.48210391383712
compras_tramites,media,433.14129208175245,1.48210391383712
salud,todas,4359.266720989502,1.48210391383712
compras_tramites,baja,362.943053599666,1.48210391383712
compras_tramites,alta,893.9472733551249,1.48210391383712
salud,todas,9266.394680563555,1.48210391383712
salud,todas,1119.3784586944053,1.0
salud,todas,1396.7758983302404,1.0
compras_tramites,media,4969.72605045807,1.0
salud,todas,13477.164474236597,1.0
compras_tramites,baja,1259.2290548188603,1.48210391383712
compras_tramites,alta,4200.454755072844,1.12721985301036
compras_tramites,alta,4214.238458506619,1.0
salud,todas,5198.119852783913,1.0
compras_tramites,alta,3609.397681882195,1.0
compras_tramites,media,2135.6055075292024,1.12721985301036
compras_tramites,media,561.3481679180934,1.14387994007037
compras_tramites,alta,5019.264058452849,1.0
compras_tramites,media,2018.534076107275,1.48210391383712
salud,todas,1698.730622417534,1.0
compras_tramites,alta,2709.0575969286,1.48210391383712
compras_tramites,alta,108.96451992076366,1.48210391383712
compras_tramites,alta,108.97693635008281,1.48210391383712
compras_tramites,alta,3645.1518991893963,1.0
compras_tramites,alta,400.3389494092006,1.48210391383712
compras_tramites,alta,872.3866061701085,1.48210391383712
compras_tramites,alta,3804.305484928392,1.0
compras_tramites,alta,4920.882283319635,1.0
compras_tramites,baja,2083.6487342763803,1.12721985301036
compras_tramites,baja,2134.5046943117886,1.12721985301036
social_recreacion,todas,2277.44956808186,1.14387994007037
social_recreacion,todas,2277.44956808186,1.14387994007037
salud,todas,87.24387178514317,1.48210391383712
salud,todas,85.76599363420505,1.48210391383712
compras_tramites,alta,5763.195229210963,1.0
compras_tramites,alta,2908.519122397438,1.0
compras_tramites,alta,578.2536419375692,1.48210391383712
compras_tramites,alta,2923.6597036077915,1.0
compras_tramites,alta,578.2536419375692,1.48210391383712
salud,todas,12364.193128851517,1.12721985301036
salud,todas,1793.0270189333455,1.48210391383712
compras_tramites,alta,2049.1112135813905,1.48210391383712
salud,todas,4016.6848290132248,1.0
salud,todas,6892.553201871205,1.48210391383712
social_recreacion,todas,701.8485977057748,1.48210391383712
compras_tramites,alta,4800.741770586246,1.48210391383712
social_recreacion,todas,431.2531883940106,1.48210391383712
salud,todas,10308.645735043232,1.0
salud,todas,1931.8382541090396,1.0
compras_tramites,alta,266.27648232441123,1.48210391383712
compras_tramites,alta,93.19431669400501,1.48210391383712
compras_tramites,alta,4444.856716198967,1.0
compras_tramites,alta,1991.2057630051697,1.12721985301036
compras_tramites,alta,6118.954379327326,1.12721985301036
compras_tramites,alta,330.4790689878294,1.48210391383712
salud,todas,1283.999514760909,1.48210391383712
compras_tramites,alta,535.0591088842428,1.48210391383712
salud,todas,1283.999514760909,1.48210391383712
compras_tramites,baja,5185.3232467081125,1.12721985301036
compras_tramites,media,2671.041042365317,1.12721985301036
compras_tramites,media,3106.499155626193,1.12721985301036
compras_tramites,alta,1932.216336918889,1.0
social_recreacion,todas,6661.290753299994,1.12721985301036
social_recreacion,todas,415.6594828270642,1.48210391383712
salud,todas,12025.413458044346,1.12721985301036
social_recreacion,todas,1331.136041190475,1.5058778792911116
compras_tramites,media,6822.39777436068,1.48210391383712
social_recreacion,todas,1331.136041190475,1.14387994007037
compras_tramites,media,4592.403209143505,1.48210391383712
salud,todas,2715.9758835453604,1.42042823117339
compras_tramites,alta,3994.2584438918775,1.12721985301036
social_recreacion,todas,255.19995415666222,1.48210391383712
salud,todas,8503.057896877819,1.48210391383712
compras_tramites,media,1593.0443293742842,1.48210391383712
salud,todas,1178.7731079554974,1.48210391383712
compras_tramites,media,853.4144746985488,1.0
salud,todas,5604.968474278535,1.12721985301036
salud,todas,5604.968474278535,1.12721985301036
compras_tramites,media,995.2583212295,1.12721985301036
compras_tramites,media,1070.093285945202,1.12721985301036
compras_tramites,media,5354.9423086440665,1.0
compras_tramites,baja,60.04594594974751,1.48210391383712
compras_tramites,alta,4827.791485649132,1.0
compras_tramites,alta,5969.716970838237,1.0
compras_tramites,alta,1728.356870746389,1.14387994007037
compras_tramites,baja,1445.6480394294629,1.12721985301036
salud,todas,3952.9353532819837,1.12721985301036
compras_tramites,alta,103.90863249148263,1.48210391383712
compras_tramites,media,3743.29500795777,1.0
compras_tramites,media,278.6759991459616,1.48210391383712
compras_tramites,media,392.658745764054,1.48210391383712
compras_tramites,alta,4545.167816213067,1.12721985301036
social_recreacion,todas,6729.446058836423,1.0
compras_tramites,alta,313.08236361419335,1.48210391383712
salud,todas,1309.814687513085,1.0430735418982884
compras_tramites,alta,5480.357444521896,1.12721985301036
salud,todas,2261.8541949944656,1.48210391383712
compras_tramites,baja,119.77296230785979,1.48210391383712
compras_tramites,baja,3673.2476285468424,1.12721985301036
compras_tramites,alta,393.02416358801975,1.48210391383712
salud,todas,1918.8027234714784,1.42042823117339
salud,todas,2774.3746620860347,1.0
compras_tramites,media,4510.121899444799,1.12721985301036
salud,todas,2777.526327507986,1.0
social_recreacion,todas,3008.013469909377,1.42042823117339
compras_tramites,baja,2294.754810568005,1.12721985301036
compras_tramites,baja,1708.5193928150186,1.12721985301036
compras_tramites,baja,1277.0518187044133,1.48210391383712
compras_tramites,media,375.590744330265,1.48210391383712
compras_tramites,baja,106.46713107809377,1.48210391383712
compras_tramites,baja,106.46713107809377,1.48210391383712
salud,todas,1074.9973564647728,1.0430735418982884
compras_tramites,alta,1811.0991507339024,1.12721985301036
compras_tramites,alta,405.43239962299816,1.48210391383712
compras_tramites,alta,2481.1404354351976,1.12721985301036
salud,todas,3148.5384631764564,1.12721985301036
compras_tramites,media,394.7179570592146,1.48210391383712
compras_tramites,media,1146.8193532140317,1.48210391383712
compras_tramites,alta,2126.4637247449696,1.48210391383712
compras_tramites,alta,404.1039772311855,1.48210391383712
salud,todas,3232.2675501302488,1.0
compras_tramites,media,619.0516941257814,1.48210391383712
compras_tramites,alta,558.7955666892522,1.48210391383712
social_recreacion,todas,2318.1527501119426,1.48210391383712
social_recreacion,todas,1645.5789682130116,1.14387994007037
compras_tramites,media,4868.819562344045,1.0
social_recreacion,todas,4488.0487940238645,1.48210391383712
compras_tramites,media,843.3940730761628,1.48210391383712
salud,todas,5128.411195548286,1.12721985301036
compras_tramites,media,6763.974885376201,1.0
compras_tramites,media,5959.132269899389,1.0
compras_tramites,media,56.88423688729594,1.48210391383712
compras_tramites,alta,6193.618119496572,1.0
social_recreacion,todas,1299.763165025171,1.0
compras_tramites,alta,2277.5562364420884,1.0
compras_tramites,media,2003.4731700634431,1.0
salud,todas,426.076875582623,1.48210391383712
compras_tramites,alta,6695.866693881126,1.48210391383712
compras_tramites,alta,6695.866693881126,1.48210391383712
social_recreacion,todas,14001.318366496778,1.0
compras_tramites,baja,9217.546707909865,1.0
compras_tramites,alta,6097.444346814492,1.0
salud,todas,6980.717541243522,1.0
salud,todas,753.2268732966515,1.48210391383712
social_recreacion,todas,7533.301000352639,1.0
compras_tramites,media,48.616895613176496,1.48210391383712
compras_tramites,baja,1751.9317242979425,0.817907347175127
salud,todas,4206.702213804181,1.0
social_recreacion,todas,1445.3383051750375,1.0430735418982884
social_recreacion,todas,1445.3383051750375,1.48210391383712
social_recreacion,todas,1445.3383051750375,1.48210391383712
compras_tramites,media,6156.484538124339,1.0
compras_tramites,alta,6262.7642753151795,1.0
social_recreacion,todas,3149.9167108284387,1.48210391383712
compras_tramites,media,12320.394440120668,1.14387994007037
compras_tramites,alta,1990.0514050462523,1.0
compras_tramites,alta,8592.321587253882,1.0
salud,todas,1639.4242808547915,1.0
compras_tramites,baja,9681.033858344172,1.0
compras_tramites,baja,9681.033858344172,1.0
compras_tramites,media,8643.736432563466,1.0
salud,todas,2655.6875244537077,1.0
salud,todas,5512.662463680917,0.817907347175127
salud,todas,5464.503775790167,0.817907347175127
compras_tramites,alta,420.53839306187314,1.48210391383712
salud,todas,2708.297038298467,1.14387994007037
salud,todas,268.307588252853,1.48210391383712
compras_tramites,alta,1794.5823550624705,1.48210391383712
social_recreacion,todas,1098.4657130978474,1.48210391383712
social_recreacion,todas,110.21796586763884,1.0
social_recreacion,todas,3829.719737216419,1.14387994007037
salud,todas,3628.0162162039824,1.48210391383712
compras_tramites,alta,3704.4718125741288,1.48210391383712
salud,todas,6560.050553662034,1.48210391383712
compras_tramites,media,2261.020887586305,1.48210391383712
social_recreacion,todas,5720.395878677372,1.48210391383712
compras_tramites,media,7378.783165331298,1.48210391383712
compras_tramites,baja,981.6783320702611,1.48210391383712
compras_tramites,baja,2608.058603763355,1.48210391383712
salud,todas,1564.862139495042,1.48210391383712
social_recreacion,todas,15656.603295913996,1.48210391383712
compras_tramites,baja,2722.3882167205807,1.48210391383712
compras_tramites,baja,3062.563512096525,1.14387994007037
compras_tramites,baja,2721.472329571807,1.48210391383712
compras_tramites,baja,755.7197165874809,1.48210391383712
compras_tramites,baja,755.7197165874809,1.48210391383712
social_recreacion,todas,1919.9010088515142,1.48210391383712
social_recreacion,todas,2082.483337877896,1.14387994007037
compras_tramites,alta,396.7903256129111,1.48210391383712
compras_tramites,alta,899.107007066595,1.48210391383712
salud,todas,700.733015341123,1.14387994007037
compras_tramites,alta,1642.958926801352,1.48210391383712
compras_tramites,baja,668.2532917345507,1.48210391383712
salud,todas,1254.9090122021796,1.14387994007037
compras_tramites,media,2432.330234191908,1.48210391383712
salud,todas,1014.5713553793296,1.48210391383712
compras_tramites,media,2406.4018296255094,1.48210391383712
compras_tramites,media,2568.938696118314,1.48210391383712
compras_tramites,alta,1203.3754061655334,1.48210391383712
salud,todas,1396.1348486535962,1.48210391383712
social_recreacion,todas,630.5066941803632,1.48210391383712
compras_tramites,media,1001.4653214360758,1.48210391383712
compras_tramites,media,1923.2861346310544,1.0
compras_tramites,media,1923.2861346310544,1.0
compras_tramites,media,3426.235812772752,1.48210391383712
compras_tramites,media,3426.235812772752,1.48210391383712
compras_tramites,alta,1528.095403598872,1.48210391383712
compras_tramites,media,1166.6552254368307,1.48210391383712
salud,todas,2680.5829722821604,1.48210391383712
social_recreacion,todas,3209.797547798235,1.48210391383712
salud,todas,2535.534042150933,1.48210391383712
social_recreacion,todas,2386.7750871010553,1.48210391383712
compras_tramites,alta,1987.1772637434897,1.48210391383712
compras_tramites,alta,2236.1954297422217,1.48210391383712
compras_tramites,alta,1556.7799075861888,1.48210391383712
social_recreacion,todas,3874.9134183875644,1.12721985301036
compras_tramites,alta,2730.3946788951707,1.48210391383712
compras_tramites,media,3316.2400797592386,1.14387994007037
social_recreacion,todas,1353.0714380276638,1.14387994007037
social_recreacion,todas,1353.0714380276638,1.48210391383712
compras_tramites,media,1490.2493791020556,1.48210391383712
compras_tramites,media,1490.2493791020556,1.48210391383712
compras_tramites,alta,726.6197914240036,1.48210391383712
compras_tramites,media,3650.1395371444364,1.48210391383712
social_recreacion,todas,2312.5964981977645,1.48210391383712
compras_tramites,alta,693.0762106645001,1.48210391383712
salud,todas,1913.4703484543634,1.48210391383712
compras_tramites,media,2060.262062366096,1.48210391383712
salud,todas,1895.7353024391518,1.48210391383712
compras_tramites,media,17561.826821645765,1.12721985301036
social_recreacion,todas,1166.4078286158106,1.14387994007037
social_recreacion,todas,1166.4078286158106,1.48210391383712
social_recreacion,todas,733.886955516013,1.48210391383712
compras_tramites,media,1188.1415803847042,1.48210391383712
compras_tramites,media,388.2823868192614,1.48210391383712
social_recreacion,todas,2888.9043907858154,1.48210391383712
compras_tramites,alta,882.9168240350065,1.48210391383712
compras_tramites,alta,846.2771067482861,1.14387994007037
salud,todas,19294.038046217964,1.48210391383712
compras_tramites,baja,2300.669625900047,1.0
salud,todas,623.993953577727,1.14387994007037
compras_tramites,media,320.4104850129752,1.48210391383712
compras_tramites,media,1413.0805032938013,1.0
compras_tramites,alta,623.5371450756262,1.0
compras_tramites,media,585.5711021088729,1.48210391383712
compras_tramites,alta,1161.472224178892,1.48210391383712
salud,todas,15951.818511420228,1.12721985301036
compras_tramites,alta,2328.147904459479,1.48210391383712
compras_tramites,alta,2608.8975049637825,1.48210391383712
compras_tramites,baja,2728.064990927922,1.48210391383712
social_recreacion,todas,1844.7703278457186,1.48210391383712
compras_tramites,alta,2163.090844365202,1.48210391383712
compras_tramites,alta,1495.0253659140913,1.48210391383712
social_recreacion,todas,1204.2973642757684,1.0430735418982884
compras_tramites,alta,5103.316327169642,1.48210391383712
compras_tramites,alta,5110.835331923644,1.48210391383712
compras_tramites,baja,2887.666333311219,1.48210391383712
compras_tramites,media,3299.000445802675,0.817907347175127
compras_tramites,media,1388.3572365951964,1.48210391383712
compras_tramites,media,186.2098215891149,1.48210391383712
compras_tramites,media,2569.8137092015054,1.48210391383712
compras_tramites,media,3811.574422610893,1.14387994007037
salud,todas,84.5,1.48210391383712
compras_tramites,baja,420.83558180608077,1.48210391383712
compras_tramites,alta,14409.896545843556,1.48210391383712
compras_tramites,alta,16817.24976876886,1.48210391383712
compras_tramites,baja,2976.493433581914,1.48210391383712
compras_tramites,media,2310.157140894316,1.14387994007037
compras_tramites,media,2749.5190722935986,1.48210391383712
compras_tramites,media,2310.157140894316,1.48210391383712
social_recreacion,todas,2478.0677145018153,1.0
compras_tramites,alta,2105.0864518414824,1.48210391383712
compras_tramites,alta,15655.826495800264,1.0
compras_tramites,alta,2303.9628369195216,1.48210391383712
compras_tramites,media,2581.442050966862,1.48210391383712
salud,todas,1022.0439391124838,1.48210391383712
social_recreacion,todas,1340.6537482348863,1.48210391383712
social_recreacion,todas,869.7984147068576,1.48210391383712
compras_tramites,alta,515.1063916576483,1.48210391383712
compras_tramites,alta,1566.5857830406223,1.48210391383712
social_recreacion,todas,516.9662111555865,1.14387994007037
social_recreacion,todas,517.5011813090382,1.48210391383712
compras_tramites,baja,1602.8810587428384,1.48210391383712
compras_tramites,baja,1602.8810587428384,1.48210391383712
compras_tramites,alta,5165.319387889412,1.0
compras_tramites,media,1270.9777977997885,1.48210391383712
social_recreacion,todas,15399.936706444609,1.5058778792911116
social_recreacion,todas,1825.1131396864826,1.05276355601825
compras_tramites,alta,2262.780177964502,1.14387994007037
salud,todas,7745.212643344597,1.0
compras_tramites,alta,4769.614917570816,1.48210391383712
compras_tramites,alta,663.8399075466633,1.48210391383712
social_recreacion,todas,2100.725032020195,1.48210391383712
salud,todas,3835.980680637816,1.48210391383712
compras_tramites,media,169.05990062696713,1.48210391383712
compras_tramites,media,169.05990062696713,1.48210391383712
salud,todas,5017.188169573297,1.0
compras_tramites,media,8172.065859207607,1.0
social_recreacion,todas,2003.3193531396992,1.48210391383712
social_recreacion,todas,6536.537758489892,1.0
compras_tramites,media,548.7007176403749,1.48210391383712
salud,todas,11399.064777976306,1.0430735418982884
salud,todas,11399.064777976306,1.0430735418982884
compras_tramites,alta,399.4920651981088,1.48210391383712
compras_tramites,media,5820.381945642748,1.12721985301036
compras_tramites,media,2.3202993476058213,1.12721985301036
compras_tramites,media,5411.499442106047,1.48210391383712
social_recreacion,todas,6422.864431153484,1.12721985301036
compras_tramites,media,1614.9786424671381,1.48210391383712
compras_tramites,media,7330.772849188976,1.48210391383712
social_recreacion,todas,299.63146634657716,1.5058778792911116
social_recreacion,todas,1552.6000483563853,1.48210391383712
compras_tramites,alta,1081.1274948664704,1.48210391383712
compras_tramites,media,1783.1794552782853,1.0
compras_tramites,media,2918.6230513077567,1.0
social_recreacion,todas,7370.0406185940765,1.48210391383712
compras_tramites,alta,634.8041036414305,1.48210391383712
salud,todas,7822.958410036209,1.0
social_recreacion,todas,1112.9141434203268,1.48210391383712
salud,todas,9187.114526830585,1.12721985301036
compras_tramites,alta,6840.907995588127,1.12721985301036
compras_tramites,baja,1096.2053800960668,1.48210391383712
compras_tramites,baja,1096.2053800960668,1.48210391383712
compras_tramites,baja,6207.1305909294,1.0
compras_tramites,media,1051.484360488335,1.48210391383712
social_recreacion,todas,3004.0818976605087,1.48210391383712
compras_tramites,media,299.36668177379056,1.48210391383712
compras_tramites,media,299.78283969660856,1.48210391383712
social_recreacion,todas,1299.7219297705808,1.48210391383712
social_recreacion,todas,4914.80624339925,1.48210391383712
social_recreacion,todas,1175.051585054487,1.48210391383712
compras_tramites,media,1090.7036719476102,1.48210391383712
salud,todas,2027.2728084890455,1.0
social_recreacion,todas,452.01578028316663,1.48210391383712
compras_tramites,baja,3622.857023900474,1.0
social_recreacion,todas,641.3254897390735,1.5058778792911116
social_recreacion,todas,689.824446219154,1.0430735418982884
social_recreacion,todas,769.0588429413252,1.48210391383712
social_recreacion,todas,769.0588429413252,1.48210391383712
social_recreacion,todas,1184.0178357404768,1.48210391383712
compras_tramites,alta,188.4124283694218,1.48210391383712
compras_tramites,baja,723.74790856779,1.48210391383712
salud,todas,12634.44508080984,1.12721985301036
salud,todas,6682.8601913338025,1.0
salud,todas,603.0867094386698,1.48210391383712
compras_tramites,media,6682.8601913338025,1.0
salud,todas,603.0867094386698,1.48210391383712
compras_tramites,media,3058.951766083696,1.48210391383712
compras_tramites,alta,359.9336961511106,1.48210391383712
social_recreacion,todas,1999.1709531703386,1.5058778792911116
compras_tramites,media,850.112108875206,1.48210391383712
compras_tramites,media,6103.9314255368445,1.0
compras_tramites,alta,1862.3576623463066,1.0
compras_tramites,alta,257.9631169887713,1.0
social_recreacion,todas,2112.6009593571057,1.0
compras_tramites,alta,5927.646962802778,1.0
compras_tramites,media,1151.2031274388548,1.48210391383712
compras_tramites,media,359.49489440263613,1.48210391383712
compras_tramites,media,674.1406458236756,1.48210391383712
compras_tramites,alta,3951.172662660574,1.0
social_recreacion,todas,3345.0875165179255,1.0
social_recreacion,todas,452.69237968514557,1.48210391383712
compras_tramites,media,8672.795537853193,1.48210391383712
compras_tramites,media,1816.267050849076,1.48210391383712
compras_tramites,media,922.2918808471441,1.48210391383712
compras_tramites,media,1816.267050849076,1.48210391383712
compras_tramites,alta,996.7080037436052,1.48210391383712
social_recreacion,todas,4486.097929580791,1.0
compras_tramites,media,135.646959627741,1.48210391383712
salud,todas,1350.2207809193883,1.48210391383712
compras_tramites,alta,3324.0406722278535,1.14387994007037
compras_tramites,baja,4928.795422454278,1.0
compras_tramites,baja,5148.889419183186,1.12721985301036
compras_tramites,baja,4567.187292593221,1.12721985301036
compras_tramites,media,1458.1424840893465,1.48210391383712
compras_tramites,media,1458.1424840893465,1.48210391383712
salud,todas,746.1671331712487,1.48210391383712
compras_tramites,alta,1444.1076102697689,1.0
compras_tramites,alta,635.273938973623,1.0
salud,todas,1878.9152728473582,1.42042823117339
compras_tramites,media,230.42454237030068,1.48210391383712
compras_tramites,media,182.5522185567735,1.48210391383712
social_recreacion,todas,1084.5175194527749,1.48210391383712
compras_tramites,media,2515.5491976157014,1.0
compras_tramites,media,534.537416838148,1.48210391383712
salud,todas,3096.9870848788264,1.48210391383712
salud,todas,2134.63698703228,0.817907347175127
compras_tramites,alta,2259.282932296011,1.0
salud,todas,2331.911194983433,0.817907347175127
compras_tramites,alta,5685.031860412591,1.0
compras_tramites,media,2461.193589254828,1.48210391383712
compras_tramites,media,300.4574702120917,1.48210391383712
salud,todas,2090.784258694868,1.48210391383712
compras_tramites,media,8162.879439460322,1.0
compras_tramites,baja,1249.2762904978226,1.48210391383712
compras_tramites,baja,529.6365360806999,1.48210391383712
compras_tramites,baja,10105.5068894719,1.12721985301036
compras_tramites,baja,4349.017134944293,1.12721985301036
social_recreacion,todas,1643.9069613747154,1.14387994007037
compras_tramites,media,3328.587017813452,1.12721985301036
social_recreacion,todas,1430.0011363631847,1.48210391383712
salud,todas,729.2948756333066,1.48210391383712
compras_tramites,media,365.6947169109263,1.48210391383712
compras_tramites,media,9688.734307707668,1.12721985301036
compras_tramites,media,8727.85974629385,1.14387994007037
compras_tramites,alta,3297.5144760450353,1.0
salud,todas,1599.9804103415024,1.48210391383712
compras_tramites,media,11064.744338897137,1.48210391383712
salud,todas,1599.9804103415024,1.48210391383712
compras_tramites,media,11064.744338897137,1.48210391383712
compras_tramites,alta,1211.1283837455312,1.48210391383712
salud,todas,325.7277489042805,1.48210391383712
compras_tramites,baja,226.6038755322821,1.48210391383712
compras_tramites,baja,2570.896320473659,1.12721985301036
compras_tramites,baja,1591.0929530219942,1.48210391383712
compras_tramites,baja,93.63589410083347,1.48210391383712
compras_tramites,baja,1097.8353292530944,1.48210391383712
compras_tramites,baja,1097.8353292530944,1.48210391383712
compras_tramites,baja,1484.723854072387,1.0
social_recreacion,todas,668.0607692465185,1.48210391383712
compras_tramites,baja,974.5065422954135,1.48210391383712
social_recreacion,todas,668.0607692465185,1.48210391383712
compras_tramites,baja,974.5065422954135,1.48210391383712
compras_tramites,baja,7322.690223568901,1.12721985301036
salud,todas,5165.190619969896,1.12721985301036
compras_tramites,baja,6323.997018503334,1.12721985301036
compras_tramites,baja,473.5269923668555,1.14387994007037
compras_tramites,baja,623.4156238329791,1.48210391383712
compras_tramites,baja,228.9042022092703,1.48210391383712
compras_tramites,baja,355.5444891839311,1.48210391383712
compras_tramites,alta,1306.8491747807013,1.48210391383712
compras_tramites,baja,310.1613507137253,1.48210391383712
compras_tramites,baja,245.6178752147327,1.48210391383712
compras_tramites,baja,285.71601394566596,1.48210391383712
compras_tramites,baja,4918.273504556757,1.12721985301036
compras_tramites,baja,2236.870316424267,1.48210391383712
salud,todas,5750.168944528935,1.48210391383712
social_recreacion,todas,273.1074150517521,1.48210391383712
social_recreacion,todas,785.3873254494005,1.48210391383712
social_recreacion,todas,319.6129877117989,1.48210391383712
compras_tramites,baja,459.94244820853675,1.48210391383712
compras_tramites,baja,1044.0042097803353,1.48210391383712
compras_tramites,baja,836.3927667977304,1.48210391383712
compras_tramites,media,1160.3431204719416,1.0
compras_tramites,media,1578.7426959450993,1.0
compras_tramites,media,634.7528092937046,1.48210391383712
compras_tramites,media,6562.612769938819,1.12721985301036
social_recreacion,todas,7383.614503793179,1.12721985301036
compras_tramites,alta,116.65082528238923,1.48210391383712
social_recreacion,todas,4670.47390570874,1.48210391383712
social_recreacion,todas,2666.9606649661264,1.14387994007037
social_recreacion,todas,3118.708171218744,1.0430735418982884
social_recreacion,todas,3118.708171218744,1.48210391383712
social_recreacion,todas,2343.6984661001084,1.48210391383712
social_recreacion,todas,4587.394864258472,1.14387994007037
social_recreacion,todas,4587.394864258472,1.48210391383712
compras_tramites,baja,706.7520892257766,1.48210391383712
compras_tramites,baja,750.4034234007481,1.48210391383712
compras_tramites,baja,7370.926401452195,1.12721985301036
compras_tramites,baja,5834.122368743782,1.48210391383712
salud,todas,2487.4143986527456,1.48210391383712
social_recreacion,todas,843.557941683061,1.48210391383712
salud,todas,2487.4143986527456,1.48210391383712
compras_tramites,baja,515.8884478499203,1.48210391383712
compras_tramites,baja,1741.0969793225906,1.12721985301036
social_recreacion,todas,2406.5949630974983,1.48210391383712
compras_tramites,baja,489.991426104835,1.48210391383712
social_recreacion,todas,4589.059002062848,1.12721985301036
compras_tramites,baja,1018.1121181658973,1.14387994007037
compras_tramites,baja,97.31603237005709,1.48210391383712
compras_tramites,media,345.70000457631255,1.48210391383712
social_recreacion,todas,4776.588265897958,1.0
social_recreacion,todas,6045.558682632752,1.0
salud,todas,7141.38936834784,1.0430735418982884
salud,todas,991.4102329510222,1.0
compras_tramites,alta,10592.538722464698,1.0
salud,todas,1460.119374199953,1.48210391383712
compras_tramites,media,296.16651150841227,1.48210391383712
compras_tramites,media,2676.152107511653,1.48210391383712
compras_tramites,alta,882.7510642339946,1.48210391383712
salud,todas,15059.592087594092,0.817907347175127
salud,todas,1864.8621411954457,1.14387994007037
salud,todas,10032.330905159828,1.0
compras_tramites,alta,752.9921978347452,1.48210391383712
compras_tramites,alta,193.0327879572859,1.48210391383712
compras_tramites,alta,1362.6609996620582,1.48210391383712
compras_tramites,alta,10453.262831116715,1.0
compras_tramites,alta,2315.300031389358,1.0
social_recreacion,todas,127.63266688528451,1.48210391383712
salud,todas,3057.0638181883874,0.817907347175127
compras_tramites,alta,2062.414911123608,1.48210391383712
salud,todas,689.2847636148375,1.48210391383712
compras_tramites,alta,74.1104604732861,1.48210391383712
compras_tramites,alta,74.50635066262808,1.48210391383712
compras_tramites,alta,897.1471456659507,1.14387994007037
compras_tramites,media,12286.266454008974,1.0
compras_tramites,media,12286.266454008974,1.0
compras_tramites,alta,270.7715989336077,1.48210391383712
compras_tramites,alta,13077.720540490083,1.0
compras_tramites,alta,202.11901129424342,1.48210391383712
social_recreacion,todas,2762.4252664170053,1.12721985301036
compras_tramites,alta,108.9834464566179,1.48210391383712
compras_tramites,alta,5.75,1.48210391383712
social_recreacion,todas,1003.7766190625096,1.0
compras_tramites,alta,355.4002640070066,1.48210391383712
compras_tramites,alta,450.4167352037028,1.48210391383712
compras_tramites,alta,349.2987967543869,1.48210391383712
compras_tramites,alta,148.14827085136702,1.48210391383712
compras_tramites,alta,148.14827085136702,1.48210391383712
compras_tramites,alta,148.14827085136702,1.48210391383712
compras_tramites,alta,1538.261823772716,1.0430735418982884
compras_tramites,media,337.64398693603664,1.48210391383712
compras_tramites,alta,534.7318919692957,1.48210391383712
compras_tramites,media,1893.6013908790474,1.0
compras_tramites,media,1922.123078501023,1.12721985301036
compras_tramites,media,1100.2703946786216,1.12721985301036
social_recreacion,todas,1119.1972504217308,1.48210391383712
social_recreacion,todas,3861.729498897644,1.48210391383712
compras_tramites,media,1119.4959389057929,1.48210391383712
compras_tramites,media,773.4779313927208,1.48210391383712
compras_tramites,media,517.3393177853028,1.48210391383712
compras_tramites,baja,1151.6823987785217,1.48210391383712
compras_tramites,baja,988.968216773958,1.48210391383712
compras_tramites,baja,1510.3563169337103,1.0
compras_tramites,alta,1357.9524165540558,1.48210391383712
salud,todas,526.6071985850198,1.48210391383712
compras_tramites,media,777.5060389636855,1.48210391383712
compras_tramites,media,413.62253040211675,1.48210391383712
compras_tramites,media,838.6182925652171,1.48210391383712
compras_tramites,alta,1468.9420622429473,1.48210391383712
compras_tramites,media,662.6568800103112,1.48210391383712
salud,todas,2077.147445124939,1.48210391383712
compras_tramites,baja,732.8800315365401,1.0
compras_tramites,baja,1131.5462043151397,1.12721985301036
compras_tramites,baja,553.0400367302195,1.48210391383712
compras_tramites,baja,1368.0483107931761,1.12721985301036
compras_tramites,alta,2930.4595735993357,1.48210391383712
compras_tramites,alta,610.2284800397,1.48210391383712
compras_tramites,alta,4904.931313627771,1.0
compras_tramites,media,292.8084978381775,1.48210391383712
social_recreacion,todas,604.6197160005307,1.48210391383712
compras_tramites,alta,1324.7901956536364,1.48210391383712
social_recreacion,todas,9707.499719983336,1.48210391383712
salud,todas,6274.213626103001,1.12721985301036
compras_tramites,alta,176.82584343429554,1.48210391383712
compras_tramites,alta,304.41019432050894,1.48210391383712
social_recreacion,todas,2665.5062328831764,1.0
compras_tramites,alta,440.1475083441488,1.48210391383712
compras_tramites,alta,2808.495705694821,1.05276355601825
compras_tramites,media,1059.1136961106029,1.12721985301036
compras_tramites,media,1059.1136961106029,1.12721985301036
compras_tramites,media,1734.2748664787828,1.48210391383712
compras_tramites,media,122.6165939078496,1.48210391383712
compras_tramites,media,2142.570025110031,1.12721985301036
compras_tramites,media,696.5470255403167,1.48210391383712
compras_tramites,media,3189.293035059112,1.12721985301036
compras_tramites,alta,619.9892671702067,1.48210391383712
social_recreacion,todas,5834.659641640553,1.48210391383712
social_recreacion,todas,10628.844052418164,1.12721985301036
compras_tramites,media,4396.153190685757,1.0
compras_tramites,media,3139.5052209267883,1.12721985301036
compras_tramites,baja,471.8424160935513,1.48210391383712
compras_tramites,alta,2928.9411482650175,1.0
salud,todas,654.6718643717629,1.48210391383712
social_recreacion,todas,1063.2299422778922,1.48210391383712
compras_tramites,media,1582.1765121581725,1.48210391383712
compras_tramites,media,1544.522322306014,1.12721985301036
social_recreacion,todas,2016.04120218468,1.12721985301036
compras_tramites,media,1227.9294154852967,1.48210391383712
compras_tramites,media,4111.953875331235,1.12721985301036
compras_tramites,baja,635.9371160932502,1.48210391383712
compras_tramites,media,925.2355633330627,1.48210391383712
compras_tramites,media,203.14732809973776,1.48210391383712
social_recreacion,todas,1691.0243763489188,1.48210391383712
social_recreacion,todas,4173.817637709099,1.5058778792911116
compras_tramites,baja,1164.2068723390885,1.48210391383712
compras_tramites,media,2478.169614983002,1.0
compras_tramites,media,950.0028474463905,1.48210391383712
compras_tramites,alta,2146.182359382949,1.12721985301036
compras_tramites,alta,567.6834264414014,1.48210391383712
compras_tramites,alta,2221.0769101102737,1.0
social_recreacion,todas,591.9791231340532,1.48210391383712
compras_tramites,alta,679.8338491866965,1.48210391383712
compras_tramites,alta,679.8338491866965,1.48210391383712
compras_tramites,baja,1302.0720761180044,1.12721985301036
compras_tramites,alta,1154.6493147441186,1.12721985301036
compras_tramites,alta,1519.2738615556611,1.0430735418982884
compras_tramites,alta,1449.0956878343127,1.12721985301036
compras_tramites,alta,1449.0956878343127,1.12721985301036
compras_tramites,media,3640.2378314783996,1.0
compras_tramites,media,1056.9496467022743,1.14387994007037
compras_tramites,media,637.9736789547532,1.48210391383712
salud,todas,748.2315217606446,1.48210391383712
compras_tramites,media,3000.8821645684457,1.0
compras_tramites,media,1379.7987681633144,1.12721985301036
compras_tramites,media,1379.7987681633144,1.12721985301036
compras_tramites,alta,1076.8157358184594,1.48210391383712
compras_tramites,alta,94.39827941361008,1.48210391383712
compras_tramites,alta,728.6669764028009,1.48210391383712
compras_tramites,alta,6832.988062359802,1.12721985301036
compras_tramites,alta,6832.988062359802,1.12721985301036
compras_tramites,media,1812.6292033690315,1.0
social_recreacion,todas,2346.0365854257793,1.48210391383712
compras_tramites,media,683.8500733724918,1.48210391383712
social_recreacion,todas,683.8500733724918,1.48210391383712
compras_tramites,media,2904.782839512545,1.12721985301036
compras_tramites,alta,521.4712360236181,1.48210391383712
compras_tramites,alta,2514.3152428892045,1.12721985301036
compras_tramites,baja,920.0760546221505,1.48210391383712
compras_tramites,baja,3088.3487840452967,1.48210391383712
salud,todas,1834.0455038401446,0.817907347175127
compras_tramites,media,6984.01132162778,1.0
social_recreacion,todas,3793.952396269127,1.12721985301036
compras_tramites,baja,4006.0193138780623,1.12721985301036
compras_tramites,media,1234.9486831443644,1.48210391383712
compras_tramites,media,2144.5528416490465,1.0
compras_tramites,media,547.4130933093969,1.48210391383712
compras_tramites,media,86.08573578851492,1.48210391383712
compras_tramites,media,1860.4124650300166,1.12721985301036
compras_tramites,media,1412.447216934141,1.48210391383712
compras_tramites,alta,1304.8434955394316,1.48210391383712
compras_tramites,alta,4030.1038220381183,1.0
compras_tramites,media,419.3350577104185,1.48210391383712
compras_tramites,media,528.2247723803287,1.48210391383712
compras_tramites,baja,1099.6506942725323,1.48210391383712
compras_tramites,baja,250.66474123817255,1.48210391383712
compras_tramites,alta,1823.2765149587158,1.48210391383712
compras_tramites,alta,1.0121334212938529,1.48210391383712
salud,todas,2996.4560566465952,1.48210391383712
compras_tramites,media,2182.799639591679,1.12721985301036
compras_tramites,alta,271.4807845985605,1.48210391383712
compras_tramites,alta,424.43109096361275,1.48210391383712
social_recreacion,todas,3245.8370888303316,0.817907347175127
social_recreacion,todas,3245.8370888303316,1.12721985301036
compras_tramites,media,586.2726882936494,1.48210391383712
compras_tramites,alta,3027.288060939403,1.0
salud,todas,476.2578247388698,1.48210391383712
salud,todas,480.823268597725,1.48210391383712
salud,todas,10372.657099918999,1.12721985301036
compras_tramites,baja,636.3683775252056,1.48210391383712
salud,todas,3428.373489740616,1.05276355601825
compras_tramites,alta,7564.826833155204,1.12721985301036
compras_tramites,alta,467.532351821775,1.48210391383712
compras_tramites,alta,2568.4524523533623,1.12721985301036
salud,todas,3088.5157465361194,1.48210391383712
compras_tramites,media,5142.778720950013,1.12721985301036
salud,todas,13466.815146153305,0.817907347175127
compras_tramites,baja,2160.181583260132,1.12721985301036
compras_tramites,media,940.3126646103212,1.48210391383712
compras_tramites,alta,223.60304400670063,1.48210391383712
compras_tramites,media,624.4704037472472,1.48210391383712
compras_tramites,alta,1313.4979126749927,1.12721985301036
salud,todas,1221.7795678844855,1.48210391383712
compras_tramites,media,3492.001541469448,1.12721985301036
compras_tramites,media,1477.087138607287,1.48210391383712
compras_tramites,media,402.7890957611222,1.48210391383712
compras_tramites,media,311.49398224775143,1.48210391383712
compras_tramites,media,2480.556956896223,1.12721985301036
social_recreacion,todas,5785.427175458962,1.05276355601825
compras_tramites,alta,701.2879285921457,1.48210391383712
compras_tramites,media,1969.648705839207,1.48210391383712
compras_tramites,media,6407.181403328319,1.12721985301036
compras_tramites,media,397.5470294506047,1.48210391383712
compras_tramites,media,230.22114241325121,1.48210391383712
compras_tramites,baja,486.3296247466835,1.48210391383712
social_recreacion,todas,11991.590287735246,1.0
salud,todas,1274.6129866061306,1.12721985301036
social_recreacion,todas,998.048087694958,1.48210391383712
compras_tramites,alta,3452.2325769891286,1.0
compras_tramites,baja,1760.476552359119,1.0
compras_tramites,baja,1760.476552359119,1.0
compras_tramites,alta,618.7976504694911,1.48210391383712
social_recreacion,todas,5040.042002960051,0.817907347175127
social_recreacion,todas,2985.5206990953125,1.48210391383712
compras_tramites,alta,4454.162776005863,1.12721985301036
social_recreacion,todas,1569.1032470809562,1.48210391383712
compras_tramites,alta,1666.7982781368596,1.48210391383712
social_recreacion,todas,3881.696206738267,1.48210391383712
social_recreacion,todas,3881.696206738267,1.48210391383712
social_recreacion,todas,6423.8321981782465,1.14387994007037
salud,todas,1691.9330337294678,0.817907347175127
compras_tramites,media,675.6902901211934,1.48210391383712
social_recreacion,todas,390.4193458641618,1.48210391383712
social_recreacion,todas,2260.509238335814,1.0430735418982884
compras_tramites,baja,3461.7430405658724,1.12721985301036
compras_tramites,baja,1015.1684863430614,1.48210391383712
compras_tramites,media,722.8845814955956,1.48210391383712
compras_tramites,baja,14934.110715679191,1.48210391383712
social_recreacion,todas,3427.4983704010074,1.14387994007037
compras_tramites,baja,10815.30478691142,1.48210391383712
salud,todas,3075.949379771075,1.14387994007037
compras_tramites,baja,3634.9571321459985,1.14387994007037
compras_tramites,baja,3634.9571321459985,1.48210391383712
compras_tramites,baja,3626.6668775371413,1.48210391383712
compras_tramites,baja,1780.180734164108,1.48210391383712
compras_tramites,baja,2526.8674516412734,1.48210391383712
social_recreacion,todas,7135.45484990544,1.48210391383712
compras_tramites,baja,4077.468275785731,1.48210391383712
compras_tramites,baja,5186.5376608317965,1.48210391383712
compras_tramites,baja,1176.1253935725774,1.48210391383712
compras_tramites,baja,5676.1304160493,1.48210391383712
compras_tramites,baja,2606.264281285812,1.48210391383712
compras_tramites,baja,1176.1253935725774,1.48210391383712
compras_tramites,baja,5676.1304160493,1.48210391383712
compras_tramites,baja,2606.264281285812,1.48210391383712
compras_tramites,baja,4391.140350649426,1.48210391383712
social_recreacion,todas,5670.136747500149,1.14387994007037
compras_tramites,baja,1652.374662240396,1.0
social_recreacion,todas,7550.054264084795,1.0430735418982884
social_recreacion,todas,7550.054264084795,1.48210391383712
compras_tramites,baja,2006.1919812483052,1.48210391383712
social_recreacion,todas,833.2021086784706,1.48210391383712
social_recreacion,todas,8763.776402722406,1.0
social_recreacion,todas,1812.474975042759,1.48210391383712
compras_tramites,baja,1677.0464003438456,1.48210391383712
social_recreacion,todas,2867.3990339202114,1.48210391383712
compras_tramites,baja,1359.0630044262114,1.48210391383712
salud,todas,1883.89371781931,1.48210391383712
social_recreacion,todas,4548.94116124583,1.48210391383712
salud,todas,1883.89371781931,1.48210391383712
social_recreacion,todas,4555.795790545956,1.48210391383712
compras_tramites,baja,8341.357579292773,1.12721985301036
salud,todas,7171.506648560787,1.12721985301036
compras_tramites,baja,1297.4558492157112,1.48210391383712
compras_tramites,baja,1001.5430926356838,1.48210391383712
salud,todas,8019.895831094164,1.48210391383712
social_recreacion,todas,5392.974547747862,1.0
compras_tramites,baja,1223.0892468107397,1.48210391383712
compras_tramites,baja,1390.32660035837,1.48210391383712
compras_tramites,baja,4040.025382930974,1.48210391383712
compras_tramites,baja,1390.32660035837,1.48210391383712
compras_tramites,baja,4040.025382930974,1.48210391383712
compras_tramites,baja,612.2063143165566,1.48210391383712
compras_tramites,baja,7724.3159087901795,1.48210391383712
compras_tramites,baja,3122.470506891338,1.48210391383712
social_recreacion,todas,646.9574011526956,1.48210391383712
compras_tramites,baja,1240.408104466026,1.48210391383712
salud,todas,8204.822888154049,1.48210391383712
social_recreacion,todas,878.1202424248345,1.14387994007037
compras_tramites,baja,14120.55592091278,1.12721985301036
social_recreacion,todas,1898.1712910061622,1.14387994007037
compras_tramites,baja,5953.64161800364,1.12721985301036
compras_tramites,baja,1656.6822552096592,1.14387994007037
social_recreacion,todas,7813.573277339348,1.48210391383712
social_recreacion,todas,1188.8574252361225,1.0430735418982884
social_recreacion,todas,2510.8131930960135,1.48210391383712
compras_tramites,baja,871.0628228814785,1.48210391383712
compras_tramites,baja,984.3691869868045,1.48210391383712
social_recreacion,todas,3451.3227175934394,1.48210391383712
compras_tramites,baja,625.0385870900792,1.14387994007037
compras_tramites,baja,2462.801873153066,1.14387994007037
social_recreacion,todas,763.5019396924034,1.14387994007037
social_recreacion,todas,7870.840958347561,1.0
salud,todas,686.2390147401724,1.48210391383712
salud,todas,686.2390147401724,1.48210391383712
salud,todas,719.36287185693,1.48210391383712
social_recreacion,todas,719.36287185693,1.48210391383712
compras_tramites,alta,4359.651636383921,1.0
compras_tramites,alta,306.1693659791301,1.48210391383712
salud,todas,1021.9739650090163,0.817907347175127
compras_tramites,media,317.411109603933,1.48210391383712
compras_tramites,alta,264.82745156339536,1.48210391383712
compras_tramites,alta,221.383751944446,1.48210391383712
compras_tramites,baja,7785.781929260542,1.48210391383712
compras_tramites,alta,5857.226140631758,1.0
compras_tramites,baja,141.5773998781232,1.48210391383712
compras_tramites,baja,1424.0019287782102,1.48210391383712
compras_tramites,baja,1790.6588481203119,1.48210391383712
compras_tramites,alta,597.9621676212049,1.48210391383712
compras_tramites,alta,421.88416656708034,1.48210391383712
compras_tramites,alta,351.031070562137,1.48210391383712
compras_tramites,baja,532.5795751868917,1.48210391383712
compras_tramites,alta,865.0246615207352,1.48210391383712
compras_tramites,baja,118.67557289334019,1.48210391383712
compras_tramites,baja,1497.1985613894246,1.48210391383712
social_recreacion,todas,911.5765966727988,1.48210391383712
social_recreacion,todas,5510.250434204987,1.48210391383712
compras_tramites,baja,371.39109797658045,1.48210391383712
